"assists","faceoffWinPctg","gameWinningGoals","gamesPlayed","goals","otGoals","penaltyMinutes","playerBirthCountry","playerBirthYear","playerDraftRoundNo","playerHeight","Player","playerPositionCode","playerShootsCatches","playerWeight","plusMinus","points","pointsPerGame","ppGoals","ppPoints","shGoals","shPoints","shiftsPerGame","shootingPctg","shots","timeOnIcePerGame","playerDrafted","Forward","LeftHand","blockedShots","giveaways","takeaways","hits","Tm","Salary","Cap.Hit"
51,0.5081,7,79,41,2,28,"CAN",1996,3,70,"Brayden Point","C","R",166,27,92,1.1645,20,35,0,0,21.2025,0.2146,191,1135.1392,1,1,0,43,25,35,31,"TBL",0.65,686667
53,0.5309,6,82,45,0,37,"CAN",1990,1,73,"Steven Stamkos","C","R",194,4,98,1.1951,19,40,2,2,21.817,0.1923,234,1098.0121,1,1,0,40,60,28,72,"TBL",9.5,8500000
38,0.2,5,81,51,0,40,"RUS",1985,1,75,"Alex Ovechkin","L","R",235,7,89,1.0987,18,28,0,0,20.7654,0.1508,338,1255.2716,1,1,0,41,70,47,223,"WSH",10,9538462
43,0.3333,4,66,38,0,32,"CZE",1996,1,72,"David Pastrnak","R","R",194,6,81,1.2272,17,33,0,0,21.1363,0.1617,235,1125.2272,1,1,0,25,90,36,57,"BOS",8,6666666
34,0.3421,6,82,36,3,30,"CAN",1989,5,72,"Mike Hoffman","L","L",180,-24,70,0.8536,17,35,0,0,21.2195,0.1422,253,1070.2682,1,1,1,26,98,48,42,"FLA",5.65,5187500
56,0.3695,4,74,31,1,54,"FIN",1996,1,76,"Mikko Rantanen","R","L",215,13,87,1.1756,16,33,0,0,23.027,0.1606,193,1250.5135,1,1,1,41,35,39,59,"COL",0.8325,894167
55,0.5052,5,82,50,3,52,"DEU",1995,1,74,"Leon Draisaitl","C","L",208,2,105,1.2804,16,29,3,3,25.9268,0.2164,231,1355.4512,1,1,1,26,116,71,57,"EDM",9,8500000
87,0,8,82,41,0,62,"RUS",1993,2,71,"Nikita Kucherov","R","L",178,24,128,1.5609,15,48,0,0,21.5243,0.1666,246,1197.9268,1,1,1,31,89,58,44,"TBL",5.55,4766667
20,0.3666,3,82,30,0,42,"FIN",1998,1,77,"Patrik Laine","R","R",206,-24,50,0.6097,15,23,0,0,19.756,0.1224,245,1033.9878,1,1,0,44,48,28,70,"WPG",0.925,925000
35,0.4571,3,82,41,1,15,"USA",1997,2,67,"Alex DeBrincat","L","R",165,0,76,0.9268,13,24,0,0,20.317,0.1863,220,1062,1,1,0,26,50,51,35,"CHI",0.7925,778333
61,0.5368,5,82,35,2,8,"FIN",1995,1,75,"Aleksander Barkov","C","L",213,-3,96,1.1707,13,31,0,1,27.0487,0.1699,206,1341.2317,1,1,1,61,69,100,28,"FLA",6.25,5900000
65,0.5542,3,79,35,1,36,"CAN",1987,1,71,"Sidney Crosby","C","L",200,18,100,1.2658,12,29,0,2,25.7721,0.159,220,1259.5063,1,1,1,43,67,54,85,"PIT",10,8700000
26,0.5318,6,75,38,1,22,"USA",1984,7,71,"Joe Pavelski","C","R",190,-4,64,0.8533,12,21,1,1,24.12,0.2021,188,1142.64,1,1,0,61,45,41,69,"SJS",6,6e+06
46,0.4625,6,82,38,3,38,"CAN",1993,1,75,"Mark Scheifele","C","R",207,8,84,1.0243,12,23,0,3,24.0121,0.1909,199,1311.7317,1,1,0,54,48,74,54,"WPG",6.75,6125000
58,0.437,6,82,41,1,34,"CAN",1995,1,72,"Nathan MacKinnon","C","R",205,20,99,1.2073,12,37,0,0,24.6829,0.1123,365,1325.4878,1,1,0,31,64,48,54,"COL",6.75,6300000
48,0.5112,5,78,34,0,12,"CAN",1994,1,74,"Sean Monahan","C","L",200,7,82,1.0512,12,23,0,0,23.141,0.1611,211,1143.282,1,1,1,24,58,78,36,"CGY",6.75,6375000
35,0.6666,5,76,33,1,22,"RUS",1991,1,72,"Vladimir Tarasenko","R","L",225,8,68,0.8947,12,22,0,0,23.2631,0.12,275,1103.9736,1,1,1,40,31,34,88,"STL",7,7500000
55,0.4444,10,82,27,2,28,"USA",1987,1,72,"Phil Kessel","R","R",202,-19,82,1,12,36,0,0,21.7804,0.1255,215,1078.6951,1,1,0,18,78,33,12,"PIT",5.95,6800000
36,0.5214,5,68,37,2,12,"USA",1997,1,75,"Auston Matthews","C","L",223,-9,73,1.0735,12,20,0,0,23.397,0.1474,251,1113.2941,1,1,1,60,67,57,28,"TOR",0.925,925000
32,0.6153,5,82,34,0,18,"USA",1996,1,73,"Kyle Connor","L","L",182,-7,66,0.8048,11,19,1,1,21.3292,0.1497,227,1155.1585,1,1,1,21,33,56,9,"WPG",0.925,925000
62,0.6315,5,82,30,0,40,"CAN",1993,1,73,"Jonathan Huberdeau","L","L",200,-14,92,1.1219,11,34,0,0,22.5121,0.1327,226,1131.2073,1,1,1,45,84,43,57,"FLA",6.2,5900000
43,0.4615,2,80,34,0,62,"USA",1997,1,74,"Matthew Tkachuk","L","L",202,14,77,0.9625,11,24,0,0,21.2,0.1642,207,1055.9375,1,1,1,13,56,42,104,"CGY",0.925,925000
44,0.4967,5,82,30,0,47,"SWE",1993,1,74,"Mika Zibanejad","C","R",213,-12,74,0.9024,11,23,2,2,25.4146,0.1271,236,1233.5121,1,1,0,66,69,69,134,"NYR",5.5,5350000
23,0.279,2,74,27,0,42,"USA",1991,1,71,"Kyle Palmieri","R","R",185,-9,50,0.6756,11,18,0,0,21.3513,0.1205,224,1089.3108,1,1,0,35,37,36,98,"NJD",5,4650000
39,0.5147,5,77,35,1,18,"CZE",1993,1,74,"Tomas Hertl","C","L",215,5,74,0.961,11,15,1,2,23.8181,0.1988,176,1141.1818,1,1,1,64,44,57,53,"SJS",6,5625000
33,0.2647,5,74,28,0,26,"USA",1984,1,71,"Zach Parise","L","L",193,-2,61,0.8243,10,16,0,2,22.5,0.1222,229,1120.0945,1,1,1,71,25,22,49,"MIN",9,7538461
41,0.5445,8,82,47,1,34,"CAN",1990,1,73,"John Tavares","C","L",209,19,88,1.0731,10,19,0,0,24.0121,0.1643,286,1145.3536,1,1,1,53,72,53,59,"TOR",15.9,1.1e+07
38,0.4098,7,71,28,1,12,"SWE",1998,1,74,"Elias Pettersson","C","L",176,3,66,0.9295,10,22,0,0,22.507,0.1944,144,1093.5774,1,1,1,51,52,41,42,"VAN",0.925,925000
64,0.4285,9,79,36,3,96,"CAN",1988,3,69,"Brad Marchand","L","L",181,15,100,1.2658,10,34,3,7,23.0506,0.1558,231,1177.4177,1,1,1,19,84,59,46,"BOS",8,6125000
41,0.5201,9,73,34,0,51,"SWE",1992,1,73,"Gabriel Landeskog","L","L",215,17,75,1.0273,10,27,0,0,23.4383,0.1399,243,1268.9178,1,1,1,64,47,46,120,"COL",6,5571429
23,0.4838,5,82,28,0,58,"USA",1990,6,75,"Anders Lee","L","L",231,20,51,0.6219,10,16,0,0,20.2926,0.1372,204,1025.2682,1,1,1,51,29,22,103,"NYI",5,3750000
47,0.5658,3,65,32,1,30,"CAN",1985,2,73,"Patrice Bergeron","C","R",195,23,79,1.2153,9,27,4,7,23.2307,0.156,205,1108.0307,1,1,0,60,27,42,43,"BOS",6.875,6875000
22,0.4574,4,72,19,1,34,"USA",1994,1,73,"Alex Galchenyuk","C","L",207,-19,41,0.5694,9,21,0,0,20.625,0.1194,159,943.8611,1,1,1,34,40,28,62,"ARI",4.9,4900000
47,0.5386,8,82,33,2,18,"CAN",1992,1,73,"Tyler Seguin","C","R",200,17,80,0.9756,9,27,0,0,27.7804,0.0988,334,1244.9024,1,1,0,47,55,47,74,"DAL",6.5,5750000
51,0.4568,5,68,21,0,89,"RUS",1986,1,75,"Evgeni Malkin","C","L",195,-25,72,1.0588,9,26,0,0,22.8529,0.1122,187,1128.2352,1,1,1,33,84,64,54,"PIT",9.5,9500000
51,0.5432,5,81,27,0,20,"SWE",1994,1,73,"Elias Lindholm","C","R",195,30,78,0.9629,9,26,1,4,25.4567,0.1483,182,1202.3086,1,1,0,39,46,50,82,"CGY",4.85,4850000
46,0.5632,5,82,35,2,40,"CAN",1988,1,74,"Jonathan Toews","C","L",201,2,81,0.9878,9,23,1,1,25.4878,0.1489,235,1260.4146,1,1,1,44,52,72,42,"CHI",12,10500000
66,0.2,7,81,44,3,22,"USA",1988,1,70,"Patrick Kane","R","L",177,2,110,1.358,9,30,0,0,23.6049,0.129,341,1349.3456,1,1,1,18,54,42,21,"CHI",12,10500000
29,0.0588,3,72,22,2,24,"USA",1984,1,72,"Dustin Brown","R","R",210,-17,51,0.7083,9,12,1,2,25.3194,0.1222,180,1224.3611,1,1,0,29,44,31,150,"LAK",5.5,5875000
75,0.4662,9,78,41,3,20,"CAN",1997,1,73,"Connor McDavid","C","L",193,3,116,1.4871,9,33,1,2,25.6153,0.1708,240,1370.2307,1,1,1,30,89,99,39,"EDM",15,12500000
30,0.3801,5,82,23,0,44,"CAN",1981,1,73,"Justin Williams","R","R",184,-4,53,0.6463,9,14,0,0,22.1219,0.097,237,1046.5609,1,1,0,32,88,63,55,"CAR",4,4500000
51,0.387,3,76,21,2,50,"RUS",1992,1,74,"Evgeny Kuznetsov","C","L",204,7,72,0.9473,8,23,0,0,19.8421,0.1088,193,1127.4473,1,1,1,20,62,46,46,"WSH",10,7800000
21,0.5454,4,66,27,0,18,"USA",1989,1,75,"James van Riemsdyk","L","L",217,-10,48,0.7272,8,13,0,0,20.3333,0.1616,167,996.2121,1,1,1,16,19,25,34,"PHI",8,7e+06
41,0.4511,3,82,28,0,26,"CAN",1993,1,72,"Ryan Nugent-Hopkins","C","L",184,-13,69,0.8414,8,26,1,3,24.3536,0.1346,208,1206.1341,1,1,1,40,56,59,69,"EDM",6,6e+06
28,0.3157,8,80,41,0,20,"USA",1989,6,68,"Cam Atkinson","R","R",179,3,69,0.8625,8,14,4,4,24.3875,0.1389,295,1162.675,1,1,0,25,45,47,27,"CBJ",7.375,5875000
54,0.47,2,77,28,2,26,"USA",1996,1,74,"Jack Eichel","C","R",200,-11,82,1.0649,8,26,0,0,22.8051,0.0924,303,1226.4805,1,1,0,51,76,38,70,"BUF",10,1e+07
24,0.5272,3,82,18,0,24,"CAN",1990,3,72,"Adam Henrique","C","L",197,-5,42,0.5121,8,13,0,1,21.6097,0.1475,122,987.0731,1,1,1,71,26,39,78,"ANA",5.5,4e+06
26,0.4904,2,78,27,0,56,"CAN",1989,5,74,"Jamie Benn","L","L",205,14,53,0.6794,8,11,0,0,25.2307,0.1428,189,1093.6153,1,1,1,71,80,44,142,"DAL",13,9500000
43,0.5706,5,80,33,1,34,"USA",1992,1,75,"Sean Couturier","C","L",211,2,76,0.95,8,17,1,1,26.7875,0.1479,223,1327.625,1,1,1,60,48,47,40,"PHI",4.25,4333333
55,0.4186,1,82,21,1,12,"FIN",1994,1,71,"Teuvo Teravainen","L","L",191,30,76,0.9268,8,24,1,5,23.1463,0.1257,167,1075.0365,1,1,1,23,64,55,35,"CAR",2.86,2860000
16,0.3181,1,73,22,0,32,"CAN",1990,2,76,"Alex Chiasson","R","R",208,-1,38,0.5205,8,15,1,2,21.5342,0.1788,123,1018.2191,1,1,0,31,27,28,85,"EDM",0.65,650000
23,0.5215,7,82,40,3,36,"CAN",1992,1,71,"Jeff Skinner","L","L",187,0,63,0.7682,8,16,0,0,20.9878,0.1492,268,1111.0853,1,1,1,24,39,56,31,"BUF",6,5725000
23,0.44,1,67,25,1,30,"CAN",1994,1,77,"Anthony Mantha","R","L",225,-8,48,0.7164,7,13,0,0,21.4328,0.1262,198,1069.6268,1,1,1,23,60,37,67,"DET",3.3,3300000
32,0.4764,5,82,24,0,16,"SWE",1993,2,73,"William Karlsson","C","L",189,1,56,0.6829,7,14,1,3,21.1829,0.142,169,1130.817,1,1,1,55,41,73,51,"VEG",5.25,5250000
24,0.375,2,79,28,0,57,"USA",1991,1,75,"Chris Kreider","L","L",220,4,52,0.6582,7,12,0,0,22.5696,0.1393,201,1044.3544,1,1,1,49,52,31,159,"NYR",4.5,4625000
14,0.1333,3,74,19,0,14,"CAN",1995,3,71,"Anthony Duclair","L","L",191,-2,33,0.4459,7,8,0,0,17.3783,0.1439,132,762.054,1,1,1,33,29,33,32,"OTT",0.65,650000
18,0.45,5,78,19,0,17,"CAN",1990,1,71,"Jordan Eberle","R","R",187,-6,37,0.4743,7,12,0,0,19.4102,0.1187,160,991.6153,1,1,0,35,40,34,36,"NYI",6,6e+06
22,0.1428,4,64,28,1,26,"SWE",1994,1,73,"Filip Forsberg","L","R",205,8,50,0.7812,7,10,2,2,24.6406,0.129,217,1116.9843,1,1,0,29,67,69,100,"NSH",6,6e+06
30,0.5107,6,81,22,0,34,"CAN",1984,1,76,"Eric Staal","C","L",207,-7,52,0.6419,7,15,0,1,20.9259,0.1023,215,1087.5185,1,1,1,28,39,49,41,"MIN",3.5,3500000
15,0.4701,2,78,14,0,41,"USA",1988,1,72,"Kyle Okposo","R","R",219,-9,29,0.3717,7,11,0,0,17.4487,0.0952,147,827.1153,1,1,0,27,27,17,87,"BUF",6,6e+06
67,0,6,82,16,2,34,"CAN",1985,1,77,"Brent Burns","D","R",230,13,83,1.0121,7,28,1,5,26.8292,0.0533,300,1505.9512,1,0,0,105,118,88,90,"SJS",10,8e+06
6,0.5105,4,73,18,0,38,"USA",1984,1,78,"Brian Boyle","C","L",245,-14,24,0.3287,7,9,1,2,17.1917,0.1463,123,806.1369,1,1,1,50,17,22,145,"NSH",2.5,2550000
27,0.3076,1,78,15,0,35,"USA",1987,1,74,"Bobby Ryan","R","R",209,-29,42,0.5384,7,16,0,0,20.0384,0.0937,160,940.9358,1,1,0,49,48,50,77,"OTT",7.5,7250000
34,0.5366,3,82,27,2,33,"CAN",1995,1,72,"Bo Horvat","C","L",215,-4,61,0.7439,7,18,2,3,27.0365,0.1189,227,1250.1341,1,1,1,63,38,28,62,"VAN",7,5500000
41,0.545,4,76,32,4,75,"USA",1996,1,73,"Dylan Larkin","C","L",198,-6,73,0.9605,7,15,2,3,25.9605,0.1114,287,1310.5263,1,1,1,38,100,69,80,"DET",6.75,6100000
43,0.375,7,70,29,1,54,"RUS",1986,1,73,"Alexander Radulov","R","L",205,22,72,1.0285,7,23,0,0,25.2571,0.1387,209,1186.9714,1,1,1,83,74,43,60,"DAL",8,6250000
17,0.28,1,64,21,0,13,"RUS",1995,3,75,"Pavel Buchnevich","R","L",196,-10,38,0.5937,7,12,0,0,19.2968,0.1764,119,910.4843,1,1,1,20,43,29,60,"NYR",0.925,925000
37,0,1,82,8,1,44,"CAN",1989,1,73,"Drew Doughty","D","R",202,-34,45,0.5487,7,24,0,1,29.1829,0.0519,154,1595.7073,1,0,0,120,105,23,168,"LAK",7.65,7e+06
21,0.1538,5,81,21,1,28,"USA",1992,2,71,"Jason Zucker","L","L",183,-9,42,0.5185,7,14,0,0,20.1851,0.0981,214,1024.7777,1,1,1,38,31,47,87,"MIN",5,5500000
23,0.4545,1,57,23,0,46,"CAN",1988,1,72,"David Perron","L","R",200,3,46,0.807,7,14,0,0,20.8596,0.2053,112,1025.7192,1,1,0,13,17,41,52,"STL",4.75,4e+06
53,0,2,82,9,0,50,"USA",1986,4,73,"Keith Yandle","D","L",191,-17,62,0.756,7,39,0,0,28.0975,0.0452,199,1346.6097,1,0,1,76,110,27,47,"FLA",7.5,6350000
52,0.4864,5,80,22,1,30,"SWE",1987,1,73,"Nicklas Backstrom","C","L",210,2,74,0.925,7,25,0,0,21.9875,0.1301,169,1197.1625,1,1,1,30,62,53,54,"WSH",7.5,6700000
19,0.5,2,69,18,0,26,"SWE",1987,7,71,"Patric Hornqvist","R","R",189,-3,37,0.5362,6,12,0,0,20.4637,0.0913,197,928.5797,1,1,0,34,18,25,150,"PIT",5.3,5300000
53,0.484,4,81,20,1,16,"CZE",1986,2,72,"David Krejci","C","R",188,7,73,0.9012,6,16,0,0,20.9753,0.1438,139,1060.6913,1,1,0,24,44,54,28,"BOS",7.5,7250000
40,0.4516,4,77,33,1,27,"CAN",1992,6,76,"Mark Stone","R","R",219,17,73,0.948,6,20,1,1,23.1428,0.1658,199,1193.1168,1,1,0,71,62,122,72,"VEG",7.35,7350000
29,0.4097,4,69,25,0,36,"USA",1986,1,71,"T.J. Oshie","R","R",195,5,54,0.7826,6,14,1,1,20.6086,0.1748,143,1116.6666,1,1,0,55,38,46,133,"WSH",7.5,5750000
30,0.4333,3,69,26,1,22,"USA",1997,1,73,"Brock Boeser","R","R",208,-2,56,0.8115,6,15,0,0,23.4927,0.1244,209,1149.826,1,1,0,22,33,40,14,"VAN",0.925,925000
37,0.4838,3,78,20,0,20,"CAN",1997,1,75,"Dylan Strome","C","L",200,-8,57,0.7307,6,16,0,0,19.3717,0.1379,145,969.2564,1,1,1,46,34,47,13,"CHI",0.8325,863333
23,0.315,3,71,17,0,58,"CAN",1992,5,73,"Micheal Ferland","L","L",217,13,40,0.5633,6,13,0,0,19.8028,0.1089,156,845.6901,1,1,1,19,48,36,182,"CAR",1.8,1750000
43,0.463,3,81,27,0,22,"CAN",1989,1,73,"Logan Couture","C","L",200,-6,70,0.8641,6,18,2,2,24.3209,0.1323,204,1115.6913,1,1,1,52,36,71,65,"SJS",6,6e+06
49,0.5685,5,82,28,2,12,"CAN",1991,2,73,"Ryan O'Reilly","C","L",216,22,77,0.939,6,22,1,3,25.6463,0.1196,234,1245.5243,1,1,1,36,33,94,31,"STL",8.5,7500000
39,0.5531,1,73,31,0,8,"CAN",1991,1,71,"Matt Duchene","C","L",195,-3,70,0.9589,6,14,0,0,21.9315,0.1802,172,1130.0547,1,1,1,40,68,50,28,"CBJ",6.5,6e+06
59,0.25,8,79,28,4,23,"RUS",1991,NA,71,"Artemi Panarin","L","R",168,14,87,1.1012,6,18,0,0,22.9873,0.1465,191,1191.3924,0,1,0,17,56,31,14,"CBJ",6,6e+06
30,0.5522,3,82,23,0,30,"CHE",1992,1,74,"Nino Niederreiter","R","L",218,-4,53,0.6463,6,15,0,0,19.9634,0.125,184,973.5121,1,1,1,20,39,51,94,"CAR",6.075,5250000
24,0,3,82,11,0,47,"USA",1992,2,72,"Justin Faulk","D","R",217,9,35,0.4268,6,10,0,0,26.2195,0.0506,217,1345.4268,1,0,0,121,66,47,156,"CAR",6,4833333
25,0.3541,2,69,18,1,27,"SWE",1993,1,73,"Rickard Rakell","L","R",202,-13,43,0.6231,6,13,0,0,22.1159,0.0927,194,1108.3623,1,1,0,38,60,41,82,"ANA",3.8,3789444
36,0.3333,4,82,40,1,26,"USA",1994,3,71,"Jake Guentzel","L","L",180,13,76,0.9268,6,11,1,1,24.4878,0.1762,227,1161.0365,1,1,1,47,42,45,105,"PIT",0.7925,734167
36,0.3157,2,78,30,2,55,"CHE",1996,1,72,"Timo Meier","R","L",210,9,66,0.8461,6,10,0,1,22.1794,0.12,250,1018.3589,1,1,1,40,38,49,99,"SJS",0.8325,894167
63,0.3333,8,82,36,3,24,"USA",1993,4,69,"Johnny Gaudreau","L","L",165,18,99,1.2073,6,27,0,0,23.4512,0.1469,245,1204.4512,1,1,1,12,124,58,12,"CGY",6.75,6750000
13,0.2352,2,79,17,0,99,"CAN",1988,2,74,"Wayne Simmonds","R","R",185,-16,30,0.3797,5,8,0,0,19.367,0.1082,157,939.9746,1,1,0,28,38,27,137,"NSH",5,3975000
24,0.387,3,80,23,0,12,"USA",1992,2,73,"Brandon Saad","L","L",206,-9,47,0.5875,5,6,3,3,23.2875,0.1179,195,1061.3125,1,1,1,25,36,35,52,"CHI",6.75,6e+06
27,0.5816,3,80,19,1,20,"CAN",1985,1,74,"Travis Zajac","C","R",185,-25,46,0.575,5,12,2,2,22.725,0.1583,120,1156.25,1,1,0,38,33,63,66,"NJD",6.5,5750000
15,0.3846,2,65,12,0,8,"USA",1989,1,73,"Colin Wilson","C","L",221,-6,27,0.4153,5,7,0,0,18.1846,0.1153,104,813.7538,1,1,1,31,10,16,55,"COL",4,3937500
23,0,1,82,8,0,18,"USA",1994,4,75,"Jaccob Slavin","D","L",207,0,31,0.378,5,7,1,2,26.8658,0.0547,146,1382.2682,1,0,1,133,60,86,70,"CAR",5.5,5300000
30,0,2,81,14,0,52,"SWE",1991,1,74,"Oliver Ekman-Larsson","D","L",200,-16,44,0.5432,5,19,1,3,27.5432,0.0795,176,1418.358,1,0,1,52,65,32,162,"ARI",7,5500000
35,0,4,82,9,0,34,"SWE",2000,1,75,"Rasmus Dahlin","D","L",190,-13,44,0.5365,5,20,0,0,23.2317,0.0508,177,1269.3292,1,0,1,66,79,38,97,"BUF",0.925,925000
24,0,1,82,13,1,47,"CAN",1996,1,76,"Aaron Ekblad","D","R",220,1,37,0.4512,5,10,0,0,30.0975,0.0722,180,1418.6463,1,0,0,88,122,47,114,"FLA",7,7500000
27,0.4743,2,71,14,1,24,"USA",1997,1,72,"Colin White","C","R",183,-24,41,0.5774,5,8,0,0,20.4929,0.1138,123,971.9154,1,1,0,35,38,21,23,"OTT",0.925,925000
30,0.4105,5,78,26,2,29,"USA",1992,7,72,"Ryan Dzingel","C","L",190,-9,56,0.7179,5,11,0,0,20.2948,0.1635,159,1008.8974,1,1,1,38,39,25,54,"CBJ",2.1,1800000
35,0,5,64,10,0,12,"SWE",1992,5,74,"John Klingberg","D","R",180,6,45,0.7031,5,20,0,0,26.8593,0.0653,153,1471.8281,1,0,0,77,79,26,42,"DAL",4.5,4250000
26,0.4339,1,75,30,0,153,"CAN",1991,1,74,"Evander Kane","L","L",210,-4,56,0.7466,5,11,1,2,23.12,0.1119,268,1104.6266,1,1,1,25,38,48,173,"SJS",9,7e+06
15,0.4354,0,77,9,0,4,"USA",1997,1,73,"Jack Roslovic","C","R",187,-2,24,0.3116,5,7,0,0,13.1818,0.1216,74,584.5974,1,1,0,21,18,25,32,"WPG",0.925,894166
26,0.5335,5,80,22,1,66,"CAN",1991,NA,69,"Yanni Gourde","C","L",172,9,48,0.6,5,9,1,2,19.9625,0.1692,130,950.3,0,1,1,30,40,50,83,"TBL",1,1e+06
19,0,3,58,14,0,28,"CAN",1985,2,76,"Shea Weber","D","R",229,15,33,0.5689,5,6,0,0,27.1034,0.0843,166,1409.0172,1,0,0,110,67,17,129,"MTL",6,7857143
20,0.5126,1,76,13,0,42,"CAN",1985,1,75,"Jeff Carter","C","R",219,-20,33,0.4342,5,13,1,2,24.0394,0.0747,174,1089.4736,1,1,0,30,40,23,80,"LAK",5,5272727
21,0,1,82,11,0,33,"FIN",1994,3,75,"Esa Lindell","D","L",215,14,32,0.3902,4,7,2,2,28.2195,0.0833,132,1459.5975,1,0,1,161,92,30,143,"DAL",2.2,2200000
33,0.2564,4,80,25,0,34,"SVK",1990,2,70,"Tomas Tatar","L","L",182,21,58,0.725,4,8,0,0,21.7125,0.1282,195,984.5625,1,1,1,30,44,52,77,"MTL",4.981132,4800000
26,0.5249,5,82,15,1,26,"CAN",1987,1,72,"Bryan Little","C","R",191,-12,41,0.5,4,7,0,2,20.9634,0.119,126,949.9634,1,1,0,29,21,36,62,"WPG",6.5,5291666
37,0.475,5,72,17,1,40,"CAN",1991,1,73,"Brayden Schenn","C","L",200,3,54,0.75,4,12,0,0,22.8055,0.1069,159,1115.3888,1,1,1,31,42,51,111,"STL",5,5125000
16,0.5081,1,55,7,1,33,"CAN",1989,1,73,"Kyle Turris","C","R",190,-6,23,0.4181,4,6,0,0,20.1636,0.0897,78,941.5272,1,1,0,15,26,19,24,"NSH",6,6e+06
14,0.5555,2,71,13,0,93,"CAN",1996,1,73,"Sam Bennett","C","L",195,-6,27,0.3802,4,6,0,0,17.9718,0.113,115,797.3943,1,1,1,27,38,25,121,"CGY",1.95,1950000
12,0.4887,2,61,13,0,15,"CZE",1997,1,75,"Pavel Zacha","C","L",210,-6,25,0.4098,4,6,2,3,20.0655,0.1313,99,964.7704,1,1,1,24,31,28,68,"NJD",0.8325,894167
28,0.552,5,73,16,0,43,"CAN",1990,1,72,"Nazem Kadri","C","L",192,-2,44,0.6027,4,13,0,0,20.5342,0.0869,184,971.3835,1,1,1,13,47,42,85,"TOR",4.5,4500000
15,0.4905,3,82,15,0,44,"CAN",1988,6,70,"Mathieu Perreault","L","L",188,-1,30,0.3658,4,7,0,0,16.4634,0.1578,95,733.9268,1,1,1,25,17,31,127,"WPG",4,4125000
34,0.4942,4,75,13,0,30,"USA",1993,1,73,"J.T. Miller","C","L",218,8,47,0.6266,4,20,0,0,18.1333,0.1203,108,879.8933,1,1,1,23,38,42,115,"TBL",5.25,5250000
23,0.4899,3,71,22,1,75,"USA",1999,1,75,"Brady Tkachuk","L","L",196,-10,45,0.6338,4,10,0,0,20.3098,0.1028,214,961.4929,1,1,1,26,39,22,174,"OTT",0.925,925000
15,0.3767,3,70,11,0,14,"CAN",1998,1,71,"Tyson Jost","C","L",191,-2,26,0.3714,4,5,0,0,16.3285,0.0964,114,780.3571,1,1,1,35,8,29,48,"COL",0.925,885833
34,0.7142,1,74,19,0,14,"CAN",1991,3,72,"Reilly Smith","R","L",185,13,53,0.7162,4,14,1,4,21.1216,0.1067,178,1096.2972,1,1,1,33,54,67,39,"VEG",6,5e+06
16,0.4758,2,81,19,2,64,"CAN",1993,1,73,"Ryan Strome","C","R",194,-3,35,0.432,4,7,0,0,20.4691,0.1727,110,934.2345,1,1,0,36,53,37,76,"NYR",3,3100000
20,0.28,1,64,16,0,26,"AUT",1984,1,74,"Thomas Vanek","L","R",214,-12,36,0.5625,4,11,0,0,18.5625,0.1481,108,846.6875,1,1,0,13,41,20,38,"DET",3,3e+06
27,0.5603,1,78,15,0,38,"CAN",1994,5,70,"Alexander Kerfoot","C","L",175,-9,42,0.5384,4,16,0,0,19.0512,0.1293,116,892.9487,1,1,1,29,30,22,22,"COL",0.925,925000
16,0.4918,3,66,16,0,31,"USA",1995,2,72,"J.T. Compher","L","R",193,-8,32,0.4848,4,9,3,3,21.8333,0.1355,118,1048.5454,1,1,0,59,23,23,33,"COL",0.925,925000
17,0.4814,2,76,21,0,20,"USA",1989,4,73,"Craig Smith","R","R",208,11,38,0.5,4,8,0,0,20.3289,0.1024,205,907.5526,1,1,0,33,39,43,77,"NSH",4.5,4250000
29,1,0,82,14,0,20,"CAN",1989,6,69,"Jared Spurgeon","D","R",167,-1,43,0.5243,4,11,0,1,26.4634,0.0921,152,1448.6829,1,0,0,145,23,30,91,"MIN",5.5,5187500
25,1,1,79,12,1,20,"CAN",1995,1,74,"Shea Theodore","D","L",195,-4,37,0.4683,4,9,0,1,24.5316,0.0594,202,1206.2025,1,0,1,91,59,82,27,"VEG",5.2,5200000
10,0.3593,0,62,8,0,29,"CAN",1999,1,78,"Michael Rasmussen","C","L",221,-8,18,0.2903,4,4,0,0,16.3548,0.1081,74,724.5645,1,1,1,28,29,12,84,"DET",0.925,894166
19,0.4509,4,82,33,0,49,"CAN",1992,5,69,"Brendan Gallagher","R","R",184,10,52,0.6341,4,7,0,0,21.6463,0.1092,302,983.817,1,1,0,31,30,57,126,"MTL",3,3750000
21,0.5123,3,82,16,0,28,"CAN",1979,1,74,"Patrick Marleau","C","L",218,-6,37,0.4512,4,10,0,0,21.6341,0.0993,161,980.6707,1,1,1,41,22,31,74,"TOR",6,6250000
18,0,3,80,10,1,15,"CAN",1993,3,78,"Colton Parayko","D","R",230,20,28,0.35,4,8,0,1,29.1125,0.0568,176,1367.0125,1,0,0,157,43,33,127,"STL",6.5,5500000
18,0.3962,5,66,22,1,36,"USA",1988,1,74,"Max Pacioretty","L","L",206,-13,40,0.606,4,8,0,0,18.3939,0.1151,191,1020.0757,1,1,1,20,38,39,119,"VEG",4.5,4050000
44,0.4487,2,82,28,0,80,"CAN",1995,1,70,"Max Domi","C","L",193,20,72,0.878,4,11,0,0,21.3536,0.1379,203,1042.9146,1,1,1,39,70,47,53,"MTL",3.15,3150000
20,0.5588,3,78,14,1,12,"USA",1992,NA,68,"Conor Sheary","L","L",176,-18,34,0.4358,4,6,0,0,18.9743,0.0952,147,877.2307,0,1,1,29,31,35,29,"BUF",3,3e+06
28,0,2,78,9,1,22,"USA",1993,3,71,"Shayne Gostisbehere","D","L",180,-20,37,0.4743,4,14,0,0,22.7179,0.05,180,1179.5512,1,0,1,102,53,20,46,"PHI",6,4500000
46,0.4,2,78,20,0,25,"CZE",1989,1,74,"Jakub Voracek","R","L",214,-16,66,0.8461,4,18,0,0,22.782,0.0952,210,1120.3333,1,1,1,29,58,32,17,"PHI",9.25,8250000
43,0,3,79,17,2,34,"SWE",1992,4,72,"Erik Gustafsson","D","L",197,-6,60,0.7594,4,18,0,0,25.5569,0.1062,160,1355.0759,1,0,1,115,77,34,100,"CHI",1,1200000
24,0,2,56,10,2,54,"SWE",1986,3,75,"Alexander Edler","D","L",212,3,34,0.6071,4,17,0,1,30.0535,0.0781,128,1474.1964,1,0,1,166,38,13,127,"VAN",4.5,5e+06
18,0.4444,1,64,16,1,10,"RUS",1983,1,75,"Ilya Kovalchuk","L","R",222,-26,34,0.5312,4,9,0,0,19.7343,0.1134,141,973.9531,1,1,0,19,43,21,28,"LAK",8.5,6250000
25,0.3181,3,82,24,1,40,"CAN",1997,1,70,"Travis Konecny","R","R",175,-4,49,0.5975,4,8,0,0,20.1463,0.1318,182,915.6097,1,1,0,45,49,38,65,"PHI",0.8325,894167
7,0,1,42,5,0,8,"CAN",1988,NA,69,"Brad Hunt","D","L",187,-2,12,0.2857,4,8,0,0,18.3571,0.0666,75,893.4047,0,0,1,28,14,22,18,"MIN",0.65,650000
28,0.4713,3,63,19,0,71,"CAN",1991,5,71,"Andrew Shaw","R","R",182,17,47,0.746,3,6,0,0,20.1111,0.1407,135,954.9047,1,1,0,36,24,16,128,"MTL",4,3900000
28,0.3333,1,48,12,0,24,"NOR",1987,NA,68,"Mats Zuccarello","C","L",184,-8,40,0.8333,3,15,0,0,23.5208,0.1153,104,1191.0833,0,1,1,43,29,38,57,"DAL",3.15,3150000
24,0.4285,4,76,30,1,38,"CAN",1994,4,74,"Andreas Athanasiou","C","L",188,-9,54,0.7105,3,11,0,0,22.0657,0.1388,216,1018.4736,1,1,1,26,47,26,33,"DET",3,3e+06
9,0.2941,1,80,18,0,25,"CAN",1992,1,73,"Tanner Pearson","L","L",201,-15,27,0.3375,3,5,0,0,20.3125,0.1224,147,843.0625,1,1,1,41,23,21,128,"VAN",3.8,3750000
52,0,5,82,20,2,14,"CAN",1994,1,73,"Morgan Rielly","D","L",221,24,72,0.878,3,21,0,0,28.8292,0.0896,223,1387.3292,1,0,1,114,94,60,61,"TOR",5,5e+06
23,0.3684,3,73,20,0,32,"SWE",1994,7,70,"Andreas Johnsson","L","L",181,14,43,0.589,3,6,0,0,19.2602,0.1538,130,820.1095,1,1,1,36,20,25,60,"TOR",0.7875,787500
19,0.3725,4,73,24,1,28,"SWE",1990,2,73,"Jakob Silfverberg","R","R",204,-9,43,0.589,3,11,2,3,22.452,0.1472,163,1025.9589,1,1,0,43,27,27,38,"ANA",3.75,3750000
23,0.3786,3,72,16,0,14,"USA",1994,6,69,"Vinnie Hinostroza","C","R",173,-4,39,0.5416,3,5,0,0,20.7916,0.1052,152,916.0555,1,1,0,41,34,28,69,"ARI",1.5,1500000
33,0,4,82,13,2,28,"USA",1987,2,75,"Jeff Petry","D","R",197,-5,46,0.5609,3,11,0,1,26.6463,0.0755,172,1387.1585,1,0,0,123,129,39,190,"MTL",5,5500000
24,0.4409,0,70,9,0,14,"CAN",1999,1,72,"Robert Thomas","C","R",188,-2,33,0.4714,3,7,0,0,16.8714,0.1125,80,784.3571,1,1,0,22,30,36,13,"STL",0.925,894166
42,0,1,82,8,1,58,"USA",1994,1,75,"Jacob Trouba","D","R",202,8,50,0.6097,3,18,1,3,24.3536,0.0493,162,1372.6829,1,0,0,171,86,48,112,"WPG",5.5,5500000
11,0.4255,2,80,9,0,74,"CAN",1987,5,73,"Ryan Reaves","R","R",225,1,20,0.25,3,3,0,0,13.2875,0.0947,95,652.3625,1,1,0,24,11,37,305,"VEG",2.775,2775000
26,0.3333,4,73,21,1,36,"CAN",1995,2,72,"Tyler Bertuzzi","L","L",190,11,47,0.6438,3,6,0,0,21.1917,0.1603,131,990.9726,1,1,1,39,43,34,76,"DET",1.4,1400000
18,0.5471,2,63,22,0,128,"CAN",1994,1,76,"Tom Wilson","R","R",218,11,40,0.6349,3,5,2,2,21.2698,0.1692,130,1088.5555,1,1,0,52,44,43,200,"WSH",6.1,5166666
28,0,3,82,9,1,22,"CAN",1994,1,74,"Ryan Pulock","D","R",217,21,37,0.4512,3,9,0,0,27.7804,0.05,180,1341.817,1,0,0,148,68,35,143,"NYI",1.35,2e+06
35,0.4204,3,81,18,1,26,"CAN",1995,1,72,"Jonathan Drouin","L","L",193,-8,53,0.6543,3,16,0,0,21.0617,0.0947,190,1015.8765,1,1,1,23,48,50,55,"MTL",5.5,5500000
53,0.4858,7,82,30,3,26,"FIN",1997,2,72,"Sebastian Aho","C","L",176,25,83,1.0121,3,24,4,5,24.4878,0.1234,243,1209.0487,1,1,1,34,64,81,65,"CAR",0.925,925000
13,0,0,50,4,0,22,"FIN",1991,4,70,"Sami Vatanen","D","R",185,-17,17,0.34,3,5,0,0,26.34,0.0373,107,1303.7,1,0,0,77,36,16,68,"NJD",5,4875000
18,0.5176,1,81,17,0,18,"USA",1988,6,73,"Nick Bonino","C","L",196,27,35,0.432,3,3,0,1,23.1234,0.144,118,978.3209,1,1,1,70,40,30,24,"NSH",4.1,4100000
44,0.4155,3,82,18,1,46,"CAN",1997,1,72,"Mathew Barzal","C","R",187,-5,62,0.756,3,18,0,0,19.5243,0.1005,179,1075.378,1,1,0,56,117,66,25,"NYI",0.8325,863333
12,0.3885,2,75,11,0,8,"CZE",1999,1,74,"Filip Chytil","C","L",208,-22,23,0.3066,3,7,0,0,17.3333,0.0827,133,827.16,1,1,1,21,46,25,29,"NYR",0.925,894166
14,0.416,3,78,22,0,71,"USA",1991,3,71,"Blake Coleman","C","L",200,-19,36,0.4615,3,3,3,5,21.2307,0.1032,213,1020.7307,1,1,1,44,36,50,225,"NJD",1.8,1800000
32,0.3839,6,74,20,1,8,"USA",1996,1,76,"Alex Tuch","R","R",222,13,52,0.7027,3,6,0,0,18.1621,0.1111,180,1003.6081,1,1,0,40,51,69,92,"VEG",0.925,925000
28,0,0,82,11,0,58,"CAN",1994,2,74,"Damon Severson","D","R",205,-27,39,0.4756,3,12,0,1,26.2804,0.0753,146,1322.5731,1,0,0,87,61,25,83,"NJD",3,4166666
30,0.4523,3,69,17,3,24,"CHE",1999,1,73,"Nico Hischier","C","L",175,0,47,0.6811,3,11,0,0,21.5217,0.1062,160,1086.2318,1,1,1,44,32,38,53,"NJD",0.925,925000
14,0,0,71,6,0,12,"USA",1992,NA,72,"Jordan Oesterle","D","L",182,-3,20,0.2816,3,7,0,0,23.169,0.0779,77,1133.7605,0,0,1,139,50,23,58,"ARI",0.65,650000
20,0.3157,5,82,27,0,60,"CAN",1994,4,75,"Josh Anderson","R","R",221,25,47,0.5731,3,7,2,3,22.1219,0.1173,230,1021.4146,1,1,0,40,19,46,214,"CBJ",1.85,1850000
35,0.5274,4,73,16,0,20,"CAN",1979,1,76,"Joe Thornton","C","L",220,8,51,0.6986,3,15,0,0,20.4383,0.1777,90,932.9041,1,1,1,14,42,43,17,"SJS",5,5e+06
13,0.5425,3,58,9,1,24,"FIN",1996,2,75,"Roope Hintz","L","L",215,-11,22,0.3793,3,6,0,0,21.8965,0.0909,99,843.3793,1,1,1,36,23,33,87,"DAL",0.7675,811667
13,0.1052,1,59,12,0,20,"SWE",1993,2,71,"Pontus Aberg","L","R",196,-14,25,0.4237,3,7,0,0,18.7627,0.1188,101,875.5593,1,1,0,11,36,15,45,"MIN",0.65,650000
57,0,1,80,13,0,34,"USA",1990,1,75,"John Carlson","D","R",218,21,70,0.875,3,33,0,0,25.5125,0.0702,185,1503.8875,1,0,0,164,87,55,54,"WSH",12,8e+06
40,1,2,82,7,0,41,"USA",1985,1,74,"Ryan Suter","D","L",208,-8,47,0.5731,3,15,1,2,27.0975,0.0514,136,1601.5243,1,0,1,109,30,25,78,"MIN",9,7538461
14,0.1176,7,58,34,0,26,"SWE",1993,4,69,"Viktor Arvidsson","R","R",180,12,48,0.8275,3,4,2,3,23.931,0.1743,195,1148.7413,1,1,0,23,37,41,18,"NSH",4.25,4250000
15,0.4411,2,73,8,0,44,"CAN",1987,3,71,"Cal Clutterbuck","R","R",216,6,23,0.315,3,3,0,1,19.7945,0.0842,95,838.3561,1,1,0,40,28,20,209,"NYI",4,3500000
24,0.5182,1,55,10,0,54,"USA",1993,3,70,"Vincent Trocheck","C","R",186,-9,34,0.6181,3,13,1,1,24.8363,0.0632,158,1179.5636,1,1,0,42,57,55,112,"FLA",5.25,4750000
21,0.4705,3,82,13,2,23,"CAN",1992,2,72,"Tyler Toffoli","R","R",197,-16,34,0.4146,3,5,0,0,23.1951,0.0575,226,1032.7439,1,1,0,23,27,44,39,"LAK",4.6,4600000
15,0,0,53,5,0,28,"USA",1998,1,74,"Jakob Chychrun","D","L",210,-12,20,0.3773,3,8,0,0,23.3018,0.0427,117,1215.283,1,0,1,77,38,20,74,"ARI",0.925,925000
6,0.4411,3,31,12,0,6,"CAN",1991,2,72,"Brandon Pirri","C","L",186,7,18,0.5806,3,4,0,0,16.6129,0.1463,82,866.8387,1,1,1,13,11,14,29,"VEG",0.65,650000
57,0,2,78,17,0,69,"CAN",1983,NA,73,"Mark Giordano","D","L",200,39,74,0.9487,3,21,4,6,27.9102,0.0769,221,1454.3461,0,0,1,144,65,73,58,"CGY",6.75,6750000
10,0.3658,2,76,14,0,32,"CAN",1993,3,74,"Josh Leivo","L","R",192,5,24,0.3157,3,7,0,0,18.9342,0.0927,151,841.8026,1,1,0,23,32,37,44,"VAN",0.925,925000
36,0.4923,2,71,19,1,12,"USA",1992,1,77,"Kevin Hayes","R","L",216,-2,55,0.7746,3,11,2,3,22.9295,0.1217,156,1096.8028,1,1,1,15,60,61,58,"WPG",5.175,5175000
13,0.3973,1,77,12,0,10,"USA",1998,1,73,"Casey Mittelstadt","C","L",202,-19,25,0.3246,3,10,0,0,17.3116,0.1016,118,807.1038,1,1,1,16,39,31,30,"BUF",0.925,925000
13,0.3846,1,77,23,0,8,"DNK",1995,3,72,"Oliver Bjorkstrand","R","R",177,8,36,0.4675,3,3,0,0,16.2077,0.1428,161,740.2987,1,1,0,34,14,31,43,"CBJ",2.5,2500000
28,0,2,71,13,0,22,"CAN",1990,1,75,"Alex Pietrangelo","D","R",210,2,41,0.5774,3,15,0,1,29.0281,0.0773,168,1444.6197,1,0,0,139,50,55,62,"STL",7,6500000
10,0.3333,1,70,15,0,44,"CAN",1996,1,73,"Jake Virtanen","R","R",226,-4,25,0.3571,2,2,0,0,21.7428,0.0974,154,889.1428,1,1,0,37,22,46,154,"VAN",1,1250000
42,0,1,53,3,0,22,"SWE",1990,1,72,"Erik Karlsson","D","R",190,6,45,0.849,2,20,0,0,26.1132,0.0177,169,1469.415,1,0,0,69,63,59,44,"SJS",7.5,6500000
22,0.3333,2,60,9,0,82,"CAN",1995,1,74,"Nick Ritchie","L","L",234,6,31,0.5166,2,9,0,0,19.2166,0.0937,96,900.0833,1,1,1,31,34,20,123,"ANA",1.2,1640000
26,0.1176,1,64,8,0,20,"CZE",1991,7,72,"Ondrej Palat","L","L",188,4,34,0.5312,2,8,0,0,18.875,0.08,100,893.25,1,1,1,34,41,18,104,"TBL",6.855,5300000
9,0.2857,3,63,14,1,10,"NLD",1997,2,72,"Daniel Sprong","R","R",180,-16,23,0.365,2,5,0,0,15.3968,0.112,125,717.2539,1,1,0,14,32,18,35,"ANA",0.75,750000
26,0.4934,2,82,23,0,26,"SWE",1985,2,75,"Carl Soderberg","C","L",210,-5,49,0.5975,2,10,3,3,22.6585,0.1223,188,1046.939,1,1,1,67,26,49,99,"COL",5,4750000
38,0.4479,5,79,16,1,24,"FIN",1992,1,70,"Mikael Granlund","C","L",185,-8,54,0.6835,2,20,2,2,21.8987,0.0846,189,1100.6075,1,1,1,40,34,47,46,"NSH",5.5,5750000
15,0.3947,1,81,24,0,38,"USA",1994,NA,69,"Frank Vatrano","C","L",201,-10,39,0.4814,2,8,0,0,20,0.1153,208,879.7407,0,1,1,74,30,33,139,"FLA",0.925,925000
39,0.3913,4,82,17,2,36,"USA",1995,6,71,"Kevin Labanc","R","R",185,-1,56,0.6829,2,20,0,0,18.4756,0.1307,130,841.1829,1,1,0,16,51,22,66,"SJS",0.7425,717500
13,0.5559,1,63,8,0,18,"CAN",1992,3,70,"Jordan Weal","C","R",179,-8,21,0.3333,2,6,0,0,18,0.1066,75,807.7301,1,1,0,26,19,20,28,"MTL",1.75,1750000
38,0.5,3,81,22,1,12,"SWE",1989,4,71,"Gustav Nyquist","C","L",184,1,60,0.7407,2,12,0,0,22.4444,0.1078,204,1051.1851,1,1,1,23,74,42,36,"SJS",3.85,3325000
25,0.582,1,81,13,0,24,"USA",1986,NA,70,"Derek Ryan","C","R",185,21,38,0.4691,2,7,0,4,19.4938,0.1262,103,828.2345,0,1,0,19,54,54,19,"CGY",3.125,3125000
12,0.4943,2,64,14,0,30,"USA",1992,1,78,"Nick Bjugstad","C","R",215,6,26,0.4062,2,6,0,0,20.9375,0.0909,154,907.1406,1,1,0,27,39,37,126,"PIT",4.3,4100000
19,0.5824,1,76,8,0,29,"CAN",1983,1,75,"Jason Spezza","C","R",215,-13,27,0.3552,2,12,0,0,19.9078,0.0661,121,796.2105,1,1,0,30,53,26,16,"DAL",7.5,7500000
6,1,1,51,12,0,2,"CAN",1989,1,69,"Tyler Ennis","L","L",161,-6,18,0.3529,2,5,0,0,13.3921,0.1481,81,596.3529,1,1,1,14,21,19,49,"TOR",0.65,650000
13,0.5695,1,70,7,0,31,"USA",1984,2,75,"David Backes","R","R",215,0,20,0.2857,2,7,0,0,16.7857,0.0542,129,782.3285,1,1,0,30,26,33,140,"BOS",6,6e+06
40,0.5147,4,82,16,1,21,"CAN",1989,1,73,"Josh Bailey","R","L",212,8,56,0.6829,2,14,1,1,19.9756,0.1269,126,1009.6585,1,1,1,32,80,41,19,"NYI",7,5e+06
26,0.375,2,83,13,0,36,"CHE",1996,1,70,"Kevin Fiala","L","L",193,-23,39,0.4698,2,11,0,0,19.8795,0.0747,174,938.3373,1,1,1,20,68,44,42,"MIN",0.8325,863333
23,0,1,78,5,0,41,"CAN",1985,1,75,"Brent Seabrook","D","R",220,-6,28,0.3589,2,10,0,1,25.8717,0.0303,165,1145.8076,1,0,0,180,72,19,124,"CHI",9,6875000
14,0.5555,0,79,6,0,91,"CAN",1988,2,75,"Milan Lucic","L","L",231,-9,20,0.2531,2,4,0,0,18,0.081,74,794.1518,1,1,1,22,34,27,259,"EDM",7,6e+06
7,0.1428,0,68,14,0,28,"GBR",1996,1,75,"Brendan Perlini","L","L",211,-17,21,0.3088,2,4,0,0,15.7205,0.1196,117,696.1029,1,1,1,22,14,11,51,"CHI",0.8325,863333
17,0.32,1,58,13,0,8,"SWE",1990,1,73,"Marcus Johansson","L","L",205,-16,30,0.5172,2,9,0,0,19.0689,0.113,115,955.4137,1,1,1,24,38,27,28,"BOS",2.85,2750000
21,0,4,82,12,0,16,"FIN",1999,1,73,"Miro Heiskanen","D","L",185,-14,33,0.4024,2,8,0,1,27.8292,0.0659,182,1386.7926,1,0,1,71,96,35,34,"DAL",0.925,894166
18,0.5659,2,73,17,0,44,"USA",1987,1,72,"Nick Foligno","L","L",202,12,35,0.4794,2,4,0,0,22.1643,0.1205,141,1062.2328,1,1,1,51,26,37,175,"CBJ",5.5,5500000
22,0,1,63,9,0,60,"CAN",1989,2,72,"P.K. Subban","D","R",210,5,31,0.492,2,10,1,1,27.4761,0.0535,168,1359.8571,1,0,0,75,57,22,56,"NSH",10,9e+06
13,0.4782,3,65,7,0,40,"USA",1995,2,73,"Adam Erne","L","L",214,10,20,0.3076,2,2,0,0,15.0153,0.1,70,632.8923,1,1,1,26,8,16,159,"TBL",0.8,8e+05
43,0.3563,1,82,22,0,16,"CAN",1995,1,73,"Sam Reinhart","C","R",192,-10,65,0.7926,2,15,0,0,21.0975,0.1222,180,1137.4634,1,1,0,47,46,39,38,"BUF",3.55,3650000
45,0,2,78,14,0,36,"CAN",1991,3,70,"Tyson Barrie","D","R",190,-3,59,0.7564,2,25,0,0,23.7179,0.0642,218,1306.5641,1,0,0,93,41,28,48,"COL",5.75,5500000
21,0,2,82,18,0,54,"CAN",1993,1,78,"Dougie Hamilton","D","R",229,0,39,0.4756,2,7,0,0,24.317,0.0694,259,1180.3536,1,0,0,91,66,35,160,"CAR",5.75,5750000
10,0.1724,2,57,13,0,14,"FIN",1993,1,76,"Joel Armia","R","R",210,0,23,0.4035,2,6,1,1,21.2807,0.097,134,947.614,1,1,0,21,32,46,113,"MTL",1.85,1850000
10,0.4281,1,77,12,0,20,"FIN",1993,2,72,"Markus Granlund","C","L",180,-4,22,0.2857,2,3,0,1,21.5974,0.0975,123,902.5324,1,1,1,24,9,32,46,"VAN",1.475,1475000
25,0.4864,1,69,11,0,16,"CAN",1992,1,70,"Jaden Schwartz","L","L",190,-6,36,0.5217,2,5,0,0,22.8405,0.0601,183,1087.6811,1,1,1,27,28,47,61,"STL",6.25,5350000
42,0,4,70,12,2,44,"SWE",1990,1,78,"Victor Hedman","D","L",223,24,54,0.7714,2,25,0,1,24.7714,0.0659,182,1366.2285,1,0,1,97,50,32,59,"TBL",8,7875000
9,0,1,61,4,0,26,"USA",1990,1,74,"John Moore","D","L",210,0,13,0.2131,2,3,0,0,24.8688,0.0412,97,1126.3606,1,0,1,76,24,10,77,"BOS",3.25,2750000
34,0.4345,5,82,27,1,64,"CAN",1998,1,75,"Pierre-Luc Dubois","C","L",207,16,61,0.7439,2,9,0,0,22.1951,0.1551,174,1062.9268,1,1,1,52,54,45,115,"CBJ",0.925,894166
22,0.2,2,82,18,1,45,"CAN",1989,3,73,"Alex Killorn","L","L",196,22,40,0.4878,2,5,1,2,19.9024,0.1176,153,892.4634,1,1,1,23,22,30,88,"TBL",4.45,4450000
47,0,2,64,6,1,33,"USA",1991,NA,69,"Torey Krug","D","L",186,-2,53,0.8281,2,30,0,0,24.9843,0.0397,151,1278.0156,0,0,1,60,52,20,53,"BOS",5.5,5250000
18,0.2916,2,82,15,0,22,"USA",1993,NA,72,"Alex Iafallo","L","L",188,-17,33,0.4024,2,6,0,0,22.1585,0.1013,148,1009.7804,0,1,1,54,19,26,87,"LAK",0.925,925000
16,0.5,4,62,21,0,15,"DNK",1996,1,72,"Nikolaj Ehlers","L","L",172,2,37,0.5967,2,7,0,0,19.1935,0.1329,158,945.6774,1,1,1,16,17,28,27,"WPG",6.25,6e+06
28,0.4767,3,82,25,1,28,"USA",1991,1,75,"Brock Nelson","C","L",212,20,53,0.6463,2,8,1,1,22.2926,0.1381,181,1078.3292,1,1,1,55,47,54,51,"NYI",4.25,4250000
63,0.579,4,82,22,1,24,"CAN",1988,1,71,"Claude Giroux","C","R",185,9,85,1.0365,2,23,1,1,26.0731,0.096,229,1287.4024,1,1,0,19,48,46,28,"PHI",9,8275000
16,0.3,2,81,17,0,20,"SWE",1996,5,73,"Oskar Lindblom","L","L",191,-9,33,0.4074,2,3,0,0,18.9135,0.1049,162,824.6296,1,1,1,52,28,26,68,"PHI",0.925,925000
71,0.3522,3,82,20,0,60,"USA",1986,1,77,"Blake Wheeler","R","R",225,0,91,1.1097,2,33,2,3,24.1341,0.0865,231,1242.5853,1,1,0,53,33,42,81,"WPG",5.8,5600000
40,0,3,65,16,1,48,"CAN",1987,3,72,"Kris Letang","D","R",201,13,56,0.8615,2,19,1,2,29.5846,0.0776,206,1557.5538,1,0,0,111,76,63,116,"PIT",7.25,7250000
36,0,3,80,8,1,47,"SWE",1990,4,76,"Mattias Ekholm","D","L",215,27,44,0.55,2,7,0,2,28.6,0.0547,146,1401.8375,1,0,1,107,69,32,68,"NSH",4,3750000
19,0.4114,4,76,10,0,13,"CAN",1994,2,73,"Devin Shore","C","L",205,-12,29,0.3815,2,5,2,2,20.5,0.1219,82,855.6052,1,1,1,64,22,29,94,"ANA",2.2,2300000
20,0,1,73,6,0,35,"USA",1995,NA,72,"Neal Pionk","D","R",186,-16,26,0.3561,2,13,0,1,27.3698,0.0454,132,1269.9452,0,0,0,98,60,38,138,"NYR",0.925,925000
12,0.4545,1,63,7,0,28,"CAN",1987,2,75,"James Neal","L","L",212,-5,19,0.3015,2,6,0,0,19.873,0.0496,141,897.492,1,1,1,19,35,11,46,"CGY",5.75,5750000
9,0.4812,0,70,14,0,39,"CAN",1987,1,73,"Derick Brassard","C","L",202,-19,23,0.3285,2,5,0,0,20.0857,0.1272,110,899.7142,1,1,1,15,28,35,102,"COL",2.1,3e+06
25,0.5433,3,72,13,0,20,"CAN",1986,NA,73,"Tyler Bozak","C","R",199,-3,38,0.5277,2,8,0,0,21.3055,0.0921,141,980.9305,0,1,0,33,19,30,52,"STL",5.5,5e+06
4,0,1,31,6,0,27,"CAN",1985,1,75,"Corey Perry","R","R",206,-16,10,0.3225,2,4,0,0,18.4516,0.1016,59,889.3548,1,1,0,14,11,12,21,"ANA",9,8625000
9,0.2,0,32,4,0,2,"USA",1997,5,73,"Troy Terry","R","R",178,8,13,0.4062,2,6,0,0,18.2812,0.16,25,836.75,1,1,0,12,16,14,4,"ANA",0.925,925000
41,0,4,82,15,0,42,"CHE",1990,2,73,"Roman Josi","D","L",201,9,56,0.6829,2,12,0,1,28.7682,0.0547,274,1509.9268,1,0,1,144,65,36,53,"NSH",5.25,4e+06
28,0.3888,1,71,7,0,6,"DNK",1989,1,72,"Mikkel Boedker","L","L",210,-23,35,0.4929,2,7,0,0,17.9859,0.0795,88,841.3661,1,1,1,28,27,25,54,"OTT",3,4e+06
26,0,2,82,9,1,22,"CAN",1996,1,75,"Travis Sanheim","D","L",181,-4,35,0.4268,2,5,0,0,24.5243,0.0743,121,1173.5121,1,0,1,133,65,20,45,"PHI",0.8325,863333
20,0.4641,1,74,9,0,25,"CAN",1993,NA,70,"Evan Rodrigues","L","R",176,-7,29,0.3918,2,4,0,3,20.6486,0.0535,168,949.4189,0,1,0,33,39,34,33,"BUF",0.65,650000
22,0.4586,2,81,12,0,20,"USA",1992,1,75,"Charlie Coyle","C","R",220,-1,34,0.4197,1,4,1,1,20.6913,0.0774,155,1006.6172,1,1,0,56,43,42,77,"BOS",3.75,3200000
24,0.5,3,78,20,1,27,"FIN",1996,1,73,"Kasperi Kapanen","R","R",192,12,44,0.5641,1,3,2,2,23.141,0.1149,174,996.6794,1,1,0,19,38,44,92,"TOR",0.8325,863333
11,0,1,58,5,0,58,"SVK",1997,2,76,"Erik Cernak","D","R",225,25,16,0.2758,1,1,0,0,24.4137,0.0467,107,1155.0517,1,0,0,79,19,11,198,"TBL",0.65,697500
15,0,1,69,5,0,43,"CAN",1993,5,74,"Ben Hutton","D","L",206,-23,20,0.2898,1,8,0,1,27.6521,0.0438,114,1341.3478,1,0,1,102,30,27,55,"VAN",2.8,2800000
15,0.5142,3,73,16,0,4,"CAN",1982,2,71,"Jason Pominville","R","R",180,-4,31,0.4246,1,2,0,0,16.8767,0.1194,134,747.8356,1,1,0,20,20,13,18,"BUF",5,5600000
18,0.4862,4,80,29,0,28,"USA",1990,NA,68,"Tyler Johnson","C","R",183,15,47,0.5875,1,8,1,1,20.625,0.1779,163,956.9,0,1,0,32,32,13,50,"TBL",6.75,5e+06
16,0.4621,2,78,19,0,31,"CAN",1996,1,73,"Jared McCann","C","L",185,-1,35,0.4487,1,3,4,4,21.7435,0.1266,150,871.5384,1,1,1,51,44,35,77,"PIT",1.25,1250000
15,0,0,66,3,0,68,"USA",1994,3,69,"Matt Grzelcyk","D","L",174,9,18,0.2727,1,6,0,0,25.0303,0.0333,90,1147.8636,1,0,1,60,39,28,46,"BOS",1.4,1400000
26,0,0,73,2,0,20,"USA",1989,1,72,"Kevin Shattenkirk","D","R",206,-15,28,0.3835,1,7,0,0,23.0821,0.0135,148,1136.3835,1,0,0,104,55,39,73,"NYR",8,6650000
15,0.5308,3,75,15,1,23,"CAN",1993,2,73,"Colton Sissons","C","R",200,20,30,0.4,1,2,0,1,22.0266,0.1351,111,962.6533,1,1,0,52,25,35,109,"NSH",0.65,625000
3,0.5569,1,60,5,0,44,"USA",1984,1,74,"Ryan Kesler","C","R",206,-19,8,0.1333,1,3,0,0,22.6333,0.0581,86,989.9166,1,1,0,56,26,18,93,"ANA",6.675,6875000
3,0,0,35,3,0,22,"USA",1988,4,71,"Steven Kampfer","D","R",198,-6,6,0.1714,1,2,0,0,20.3714,0.075,40,877.5428,1,0,0,32,7,12,44,"BOS",0.65,650000
28,0,2,80,5,0,12,"USA",1997,1,75,"Noah Hanifin","D","L",215,18,33,0.4125,1,5,1,2,25.9375,0.0431,116,1246.4,1,0,1,83,87,50,87,"CGY",4.95,4950000
9,0,1,62,3,1,30,"CAN",1994,1,72,"Derrick Pouliot","D","L",196,-1,12,0.1935,1,1,0,0,22.629,0.0517,58,1029.5,1,0,1,71,39,19,76,"VAN",1.1,1100000
16,0,1,74,3,0,25,"CAN",1984,2,74,"Johnny Boychuk","D","R",227,10,19,0.2567,1,3,0,1,25.1891,0.0191,157,1129.7837,1,0,0,120,56,10,144,"NYI",6.5,6e+06
22,0.541,3,77,16,0,42,"CAN",1993,2,74,"Boone Jenner","C","L",206,6,38,0.4935,1,3,1,1,22.1428,0.0941,170,1023.8701,1,1,1,70,21,42,158,"CBJ",4,3750000
41,0,2,70,14,1,32,"CAN",1997,1,74,"Thomas Chabot","D","L",196,-12,55,0.7857,1,16,1,1,27.6571,0.0756,185,1457.3285,1,0,1,112,72,31,71,"OTT",0.8325,863333
18,0.3333,2,81,11,0,22,"SWE",1985,2,74,"Loui Eriksson","L","L",179,-11,29,0.358,1,3,0,0,20.5925,0.1028,107,843.9012,1,1,1,28,10,29,3,"VAN",7,6e+06
29,0.5466,2,50,13,0,30,"CAN",1985,2,72,"Paul Stastny","C","L",193,14,42,0.84,1,4,1,2,20.12,0.1262,103,1086.24,1,1,1,15,18,36,35,"VEG",7.5,6500000
17,0,1,80,8,1,41,"USA",1986,1,73,"Matt Niskanen","D","R",203,-3,25,0.3125,1,2,0,1,23.8625,0.0559,143,1315.8875,1,0,0,137,73,40,167,"WSH",5.75,5750000
13,0,2,48,5,1,4,"CAN",1994,4,73,"Devon Toews","D","L",191,7,18,0.375,1,4,0,0,22.4583,0.0617,81,1073.7291,1,0,1,30,28,14,24,"NYI",0.65,7e+05
13,0.35,4,76,12,0,14,"AUT",1995,1,75,"Andre Burakovsky","L","L",201,2,25,0.3289,1,1,0,0,13.9473,0.12,100,667.5263,1,1,1,29,29,28,35,"WSH",3.25,3e+06
13,0.5048,0,71,6,0,38,"USA",1987,2,74,"Justin Abdelkader","L","L",214,-14,19,0.2676,1,2,1,1,20.6338,0.0631,95,924.0281,1,1,1,34,40,9,185,"DET",5,4250000
33,0.3333,5,82,14,0,24,"USA",1998,1,70,"Clayton Keller","C","L",170,-21,47,0.5731,1,19,0,0,23.2317,0.07,200,1094.1097,1,1,1,21,37,46,16,"ARI",0.925,885833
20,0.4673,2,81,7,0,35,"CAN",1993,3,71,"Nick Cousins","C","L",185,-8,27,0.3333,1,3,0,0,18.9135,0.0486,144,812.679,1,1,1,51,22,39,115,"ARI",1.05,1e+06
18,0.5121,3,72,13,1,27,"CAN",1998,1,74,"Nolan Patrick","C","R",198,-8,31,0.4305,1,2,0,0,20.6111,0.113,115,904.9583,1,1,0,26,26,40,72,"PHI",0.925,925000
18,0,2,59,5,1,20,"CAN",1991,1,74,"Cam Fowler","D","L",206,-14,23,0.3898,1,6,0,1,29.2711,0.0568,88,1402.0677,1,0,1,91,43,24,32,"ANA",7.5,6500000
18,0.25,4,81,17,0,21,"USA",1993,3,75,"Jimmy Vesey","L","L",199,-6,35,0.432,1,4,0,0,20.753,0.1103,154,963.4444,1,1,1,34,42,50,79,"NYR",2.2,2275000
10,0.4561,4,81,18,0,8,"CAN",1997,1,71,"Anthony Beauvillier","L","L",182,1,28,0.3456,1,2,0,0,17.716,0.1153,156,878.5308,1,1,1,35,30,34,87,"NYI",0.8325,894167
24,1,0,76,3,0,16,"USA",1985,2,71,"Alex Goligoski","D","L",185,-7,27,0.3552,1,7,0,2,24.7105,0.0294,102,1249.0131,1,0,1,154,59,19,79,"ARI",6.1,5475000
23,0.1,4,80,14,0,10,"FIN",1992,4,72,"Joonas Donskoi","R","R",190,10,37,0.4625,1,3,0,0,18.3625,0.1217,115,805.3875,1,1,0,36,38,24,36,"SJS",1.9,1900000
16,0.5015,1,79,10,0,12,"SWE",1991,2,71,"Calle Jarnkrok","C","R",186,13,26,0.3291,1,2,1,1,21.367,0.0943,106,925.8227,1,1,0,22,21,25,56,"NSH",2.1,2e+06
22,0.4573,1,78,15,0,14,"RUS",1988,2,76,"Artem Anisimov","C","L",198,-2,37,0.4743,1,4,1,1,20.6538,0.1056,142,980.5641,1,1,1,33,14,50,25,"CHI",5,4550000
28,0,1,80,9,0,47,"CAN",1989,5,75,"Jake Muzzin","D","L",213,21,37,0.4625,1,5,0,1,27.625,0.0638,141,1280.4875,1,0,1,134,102,20,172,"TOR",4.45,4e+06
9,0.4375,1,37,7,0,39,"USA",1992,1,76,"Austin Watson","L","R",204,11,16,0.4324,1,1,0,0,20.1081,0.1093,64,869.5945,1,1,0,28,13,12,109,"NSH",1.1,1100000
23,0.4573,2,79,11,0,26,"FIN",2000,1,74,"Jesperi Kotkaniemi","C","L",184,1,34,0.4303,1,5,0,0,18.3797,0.082,134,824.4936,1,1,1,41,50,32,66,"MTL",0.925,925000
2,0.2222,2,53,4,0,57,"CAN",1993,2,76,"Brett Ritchie","R","R",220,-7,6,0.1132,1,1,0,0,15.3584,0.0701,57,576.283,1,1,0,13,12,7,126,"DAL",1.8,1750000
38,0,2,78,5,1,38,"FIN",1994,1,76,"Rasmus Ristolainen","D","R",215,-41,43,0.5512,1,17,0,0,26.6153,0.0274,182,1478.4871,1,0,0,121,44,23,235,"BUF",5.4,5400000
34,0,2,82,7,0,20,"CAN",1991,1,70,"Ryan Ellis","D","R",180,21,41,0.5,1,5,1,1,28.2926,0.0469,149,1440.8536,1,0,0,154,61,54,71,"NSH",3.5,2500000
19,0.5095,3,78,22,0,16,"CAN",1991,3,72,"Cody Eakin","C","L",190,19,41,0.5256,1,4,3,3,18.2179,0.1833,120,922.7564,1,1,1,35,34,51,88,"VEG",3.85,3850000
20,0,1,63,7,0,18,"RUS",1995,1,71,"Nikolay Goldobin","R","L",196,-10,27,0.4285,1,9,0,1,19.7301,0.0666,105,899.3809,1,1,1,21,33,20,15,"VAN",0.8325,863333
14,0,1,63,10,0,91,"USA",1995,4,74,"Miles Wood","L","L",195,-10,24,0.3809,1,3,0,0,17.6666,0.0628,159,821.6507,1,1,1,27,33,19,97,"NJD",2.5,2750000
26,0,1,78,4,0,18,"USA",1995,5,70,"Will Butcher","D","L",190,-17,30,0.3846,1,14,0,0,23.1282,0.037,108,1156.4743,1,0,1,74,32,17,38,"NJD",0.925,925000
13,0,1,60,1,0,12,"FIN",1994,1,74,"Olli Maatta","D","L",206,9,14,0.2333,1,4,0,0,25.4166,0.0135,74,1115.4,1,0,1,116,42,16,97,"PIT",4.0833,4083333
26,0,0,65,3,0,44,"CAN",1992,5,73,"Colin Miller","D","R",196,0,29,0.4461,1,13,0,0,24.323,0.0229,131,1178.7538,1,0,0,64,46,22,122,"VEG",3.875,3875000
15,0.5035,1,81,15,0,54,"CZE",1994,1,75,"Radek Faksa","C","L",220,-3,30,0.3703,1,3,1,2,24.1111,0.1315,114,985.7901,1,1,1,65,29,42,103,"DAL",2.2,2200000
8,0,1,57,3,0,16,"USA",1993,4,73,"Mike Reilly","D","L",195,0,11,0.1929,1,1,0,0,23.3157,0.0297,101,1120.5438,1,0,1,53,56,13,48,"MTL",0.775,725000
11,0,0,37,2,0,10,"SWE",1991,5,71,"Tim Heed","D","R",180,9,13,0.3513,1,3,0,0,18.1351,0.0487,41,862.1081,1,0,0,31,23,11,16,"SJS",0.65,650000
26,0.4956,4,77,21,1,52,"SWE",1989,1,72,"Mikael Backlund","C","L",200,34,47,0.6103,1,2,1,2,23.1948,0.1024,205,1073.5194,1,1,1,26,55,78,52,"CGY",5.85,5350000
10,0.2857,3,52,7,0,14,"USA",1985,4,70,"Ryan Callahan","R","R",187,7,17,0.3269,1,1,0,1,16.25,0.0921,76,668.3461,1,1,0,25,8,22,89,"TBL",4.7,5800000
12,0,0,82,1,0,41,"USA",1987,1,73,"Jack Johnson","D","L",227,-4,13,0.1585,1,2,0,2,25.9024,0.0116,86,1156.7073,1,0,1,147,32,14,233,"PIT",4,3250000
24,0.2903,5,81,22,0,24,"CAN",1992,1,75,"Brett Connolly","R","R",195,13,46,0.5679,1,2,0,0,15.6419,0.1582,139,799.8024,1,1,0,25,25,33,53,"WSH",1.5,1500000
15,0.4361,0,82,11,0,58,"CAN",1989,5,71,"Matt Calvert","L","L",186,-10,26,0.317,1,2,0,2,19.2317,0.078,141,851.5121,1,1,1,51,20,43,115,"COL",3.75,2850000
22,0,0,76,6,0,44,"SWE",1994,1,75,"Hampus Lindholm","D","L",211,-5,28,0.3684,1,6,0,1,30.0131,0.048,125,1439.6842,1,0,1,133,85,23,81,"ANA",6.75,5205556
25,0.5714,1,51,8,0,6,"SWE",1998,6,70,"Jesper Bratt","L","L",175,-8,33,0.647,1,8,0,0,18.8431,0.0879,91,910.0588,1,1,1,22,24,17,36,"NJD",0.7325,749167
23,0.1666,2,77,11,0,16,"CAN",1995,4,73,"Danton Heinen","C","L",188,13,34,0.4415,1,7,0,0,17.4675,0.0964,114,838.2337,1,1,1,36,32,43,54,"BOS",0.925,872500
10,0.375,2,72,11,0,96,"CAN",1991,2,74,"Kyle Clifford","L","L",211,4,21,0.2916,1,1,0,0,15.0555,0.0956,115,629.2222,1,1,1,24,16,11,115,"LAK",1.8,1600000
16,0.5384,1,62,7,0,24,"CAN",1994,3,70,"Brendan Leipsic","L","L",182,-14,23,0.3709,1,4,0,0,18.1935,0.076,92,827.0322,1,1,1,28,21,22,56,"LAK",0.65,650000
7,0.5,1,32,6,0,14,"CAN",1989,1,71,"Sam Gagner","C","R",200,-6,13,0.4062,1,1,0,0,18.625,0.0882,68,875.0937,1,1,0,7,20,5,21,"EDM",3.5,3150000
23,0.4,4,82,24,0,27,"CZE",1996,1,72,"Jakub Vrana","L","L",197,20,47,0.5731,1,4,0,0,17.256,0.149,161,842.4146,1,1,1,32,50,41,47,"WSH",0.8325,863333
20,0.4731,3,72,15,1,14,"USA",1990,2,72,"Derek Stepan","C","R",196,-2,35,0.4861,1,3,3,3,25.625,0.0769,195,1153.4166,1,1,0,51,44,50,50,"ARI",6,6500000
24,0,0,79,3,0,40,"SWE",1981,1,72,"Niklas Kronwall","D","L",194,-5,27,0.3417,1,8,0,0,25.9113,0.0422,71,1197.1772,1,0,1,96,59,12,84,"DET",1.75,4750000
9,0,2,62,5,0,57,"SVK",1977,3,81,"Zdeno Chara","D","L",250,22,14,0.2258,1,3,0,0,24.4354,0.0505,99,1264.6612,1,0,1,88,44,28,81,"BOS",5,5e+06
21,0,3,54,7,1,45,"USA",1997,1,72,"Charlie McAvoy","D","R",208,14,28,0.5185,1,2,0,1,26.8148,0.0886,79,1330.3703,1,0,0,91,54,30,92,"BOS",0.925,916667
34,0.5433,2,67,14,1,58,"CAN",1985,1,76,"Ryan Getzlaf","C","R",225,-19,48,0.7164,1,11,0,0,23.4029,0.1052,133,1167.7611,1,1,0,74,79,60,150,"ANA",8.95,8250000
23,0.4844,0,75,2,0,12,"SWE",1994,1,74,"Alexander Wennberg","C","L",196,-1,25,0.3333,1,6,1,3,19.96,0.0312,64,904.64,1,1,1,32,29,34,34,"CBJ",4.5,4900000
4,0.4166,1,47,8,0,6,"USA",1991,2,74,"Tyler Pitlick","C","R",200,-2,12,0.2553,1,1,0,0,20.6808,0.1066,75,802.9361,1,1,0,27,16,11,93,"DAL",1,1e+06
31,0,1,82,10,1,87,"CAN",1995,1,76,"Darnell Nurse","D","L",221,-5,41,0.5,1,9,0,1,28.1219,0.051,196,1429.2195,1,0,1,146,73,30,162,"EDM",3.2,3200000
38,0.5508,3,81,22,0,30,"SVN",1987,1,75,"Anze Kopitar","C","L",225,-20,60,0.7407,1,19,2,2,26.4938,0.141,156,1338.395,1,1,1,66,58,57,59,"LAK",12,1e+07
27,0,1,42,4,0,69,"USA",1985,8,77,"Dustin Byfuglien","D","R",260,4,31,0.738,1,16,0,0,23.5952,0.0347,115,1461.5238,1,0,0,51,39,21,77,"WPG",8,7600000
23,1,0,84,2,0,66,"SWE",1996,2,75,"Marcus Pettersson","D","L",177,17,25,0.2976,1,5,0,1,23.3452,0.0229,87,1000.9166,1,0,1,108,43,24,101,"PIT",0.8325,794167
27,0,2,82,8,0,56,"CAN",1994,2,72,"Brandon Montour","D","R",193,-20,35,0.4268,1,6,0,0,27.4634,0.0441,181,1346.9146,1,0,0,121,74,31,99,"BUF",3.25,3387500
11,0.3793,1,78,6,0,22,"CAN",1987,1,70,"Andrew Cogliano","C","L",177,1,17,0.2179,1,1,0,0,19.8333,0.0566,106,755.4487,1,1,1,32,32,22,68,"DAL",3.25,3250000
20,0.3157,0,71,8,0,18,"CZE",1994,5,71,"Dominik Simon","C","L",190,8,28,0.3943,1,3,0,0,18.4647,0.0661,121,799.4929,1,1,1,19,33,33,89,"PIT",0.75,750000
7,0,0,39,3,0,8,"CAN",1994,NA,71,"Sean Walker","D","R",196,-8,10,0.2564,1,1,0,0,20.0769,0.0545,55,925.8974,0,0,0,40,16,14,43,"LAK",0.72,745000
21,0,1,61,9,0,8,"USA",1991,NA,73,"Nate Schmidt","D","L",194,22,30,0.4918,1,8,0,0,25.836,0.0803,112,1317.0491,0,0,1,100,39,45,37,"VEG",2.3,2225000
8,0.4102,0,57,5,0,18,"USA",1985,1,74,"Drew Stafford","R","R",215,-7,13,0.228,1,2,0,0,15.228,0.0649,77,735.9298,1,1,0,19,17,15,50,"NJD",0.81,810000
20,0.5516,0,54,7,0,16,"CAN",1996,1,72,"William Nylander","R","R",191,-4,27,0.5,1,6,0,0,21.2037,0.0538,130,930.9444,1,1,0,14,25,28,16,"TOR",12,10277778
20,0.4074,3,78,11,0,44,"RUS",1992,1,72,"Vladislav Namestnikov","C","L",184,-7,31,0.3974,1,3,2,5,21.1666,0.0924,119,947.5384,1,1,1,62,46,32,140,"NYR",4,4e+06
24,0.3606,2,82,13,0,6,"CZE",1995,NA,71,"Dominik Kahun","C","L",175,10,37,0.4512,1,2,0,0,18.6707,0.0948,137,849.0243,0,1,1,27,24,32,13,"CHI",0.925,925000
23,0,2,61,5,1,16,"SWE",1993,1,75,"Oscar Klefbom","D","L",216,-11,28,0.459,1,11,0,0,27.7868,0.0299,167,1438.7213,1,0,1,102,51,26,44,"EDM",4,4167000
18,0,0,77,4,0,32,"CAN",1993,6,73,"Dylan DeMelo","D","R",195,-1,22,0.2857,0,3,0,1,25.6103,0.0366,109,1157.0519,1,0,0,130,55,16,121,"OTT",0.9,9e+05
22,0,0,82,4,0,18,"USA",1991,1,72,"Nick Leddy","D","L",207,0,26,0.317,0,10,0,0,26.0121,0.0344,116,1293,1,0,1,89,63,18,77,"NYI",5.5,5500000
15,0,0,73,2,0,23,"CAN",1993,2,74,"Scott Harrington","D","L",207,6,17,0.2328,0,0,0,0,18.3287,0.037,54,782.863,1,0,1,81,18,9,73,"CBJ",0.7,675000
11,0,1,78,3,0,10,"USA",1991,NA,74,"Trevor van Riemsdyk","D","R",192,-4,14,0.1794,0,0,0,0,20.0384,0.0294,102,903.5128,0,0,0,84,35,28,42,"CAR",2.1,2300000
37,0,1,82,9,0,34,"USA",1989,1,73,"Ryan McDonagh","D","L",215,38,46,0.5609,0,3,0,3,25.1951,0.0703,128,1325.2926,1,0,1,161,66,46,98,"TBL",5.3,4700000
10,0,0,82,0,0,44,"SWE",1987,4,75,"Niklas Hjalmarsson","D","L",197,8,10,0.1219,0,0,0,2,24.9634,0,57,1181.9024,1,0,1,187,46,32,45,"ARI",4,4100000
11,0.4385,2,77,7,0,42,"CAN",1986,2,73,"Blake Comeau","L","R",200,-7,18,0.2337,0,0,0,0,23.0649,0.0686,102,943.5844,1,1,0,40,36,39,208,"DAL",2.6,2400000
2,0,1,52,3,0,35,"SWE",1984,9,76,"Jonathan Ericsson","D","L",220,-10,5,0.0961,0,0,0,0,23.75,0.0625,48,1033.173,1,0,1,56,40,9,98,"DET",4.25,4250000
12,0,0,61,3,0,14,"CAN",1987,NA,76,"Nick Holden","D","L",214,5,15,0.2459,0,0,0,2,22.8688,0.0389,77,1097.5409,0,0,1,76,30,26,104,"VEG",2.6,2200000
7,0,0,50,1,0,22,"CAN",1990,3,74,"Kevin Connauton","D","L",205,-2,8,0.16,0,0,0,2,22.66,0.0133,75,1101.1,1,0,1,75,24,5,108,"ARI",1.25,1375000
12,0,0,62,4,0,12,"CAN",1984,NA,73,"Dan Girardi","D","R",212,6,16,0.258,0,0,0,1,22.1129,0.0533,75,1068.0161,0,0,0,108,25,8,151,"TBL",2.75,3e+06
7,0.3333,1,50,4,0,4,"CAN",1993,2,72,"Ty Rattie","R","R",183,-2,11,0.22,0,1,0,0,15.22,0.0476,84,680.74,1,1,0,7,12,22,57,"EDM",0.8,8e+05
7,0,1,63,6,0,26,"CAN",1990,2,75,"Marco Scandella","D","L",210,-13,13,0.2063,0,0,0,1,22.3809,0.0722,83,1056.619,1,0,1,75,41,16,53,"BUF",4.5,4e+06
3,0,0,36,0,0,12,"USA",1990,6,73,"Anthony Bitetto","D","L",210,-7,3,0.0833,0,0,0,0,15.6388,0,30,715.5,1,0,1,36,13,6,80,"MIN",0.65,650000
8,0,0,59,2,0,47,"CAN",1989,3,76,"Robert Bortuzzo","D","R",216,9,10,0.1694,0,0,0,1,22.4237,0.0266,75,928.3898,1,0,0,72,20,11,95,"STL",1.15,1150000
19,0,2,74,7,0,18,"CAN",1993,1,74,"Cody Ceci","D","R",209,-22,26,0.3513,0,1,0,0,27.6756,0.053,132,1353.6621,1,0,0,142,59,20,120,"OTT",4.3,4300000
8,0.5133,0,72,7,0,30,"CAN",1985,1,76,"Eric Fehr","C","R",209,-8,15,0.2083,0,0,0,1,16.1527,0.1044,67,662.5694,1,1,0,48,12,32,40,"MIN",1,1e+06
7,0,0,53,2,0,32,"USA",1980,1,75,"Brooks Orpik","D","L",217,8,9,0.1698,0,0,0,0,19.4339,0.0465,43,939.7924,1,0,1,78,31,5,131,"WSH",1,1e+06
8,0.549,3,66,19,0,22,"CAN",1985,5,72,"Brad Richardson","C","L",190,6,27,0.409,0,0,3,6,23.4696,0.1484,128,957.8787,1,1,1,55,21,27,63,"ARI",1.1,1250000
5,0.3829,0,52,4,0,18,"SWE",1988,5,72,"Mario Kempe","R","L",185,5,9,0.173,0,0,0,0,17.6538,0.0701,57,671.0192,1,1,1,30,10,11,105,"ARI",0.7,7e+05
9,0,0,74,1,0,53,"SWE",1992,2,75,"Patrik Nemeth","D","L",219,5,10,0.1351,0,0,0,1,20.6486,0.0175,57,989.2162,1,0,1,131,19,4,137,"COL",2.5,2500000
15,0,3,52,5,1,39,"USA",1990,NA,75,"Danny DeKeyser","D","L",192,2,20,0.3846,0,0,0,0,28.4423,0.0847,59,1318.0384,0,0,1,94,30,14,79,"DET",5.5,5e+06
8,1,0,72,2,0,47,"USA",1996,2,77,"Brandon Carlo","D","R",212,22,10,0.1388,0,0,0,2,25.5555,0.0172,116,1255.3611,1,0,0,88,42,43,134,"BOS",0.8325,789167
15,0.375,0,80,14,0,41,"CAN",1991,NA,72,"Brandon Tanev","L","L",180,9,29,0.3625,0,0,2,3,21.0625,0.1102,127,846.6125,0,1,1,81,18,22,278,"WPG",1.15,1150000
16,0.4262,2,81,12,0,50,"SWE",1996,1,74,"Adrian Kempe","C","L",201,-10,28,0.3456,0,4,0,0,20.9382,0.1016,118,870.0123,1,1,1,21,24,20,86,"LAK",0.8325,894167
34,0,1,82,6,1,70,"CAN",1983,2,73,"Duncan Keith","D","L",192,13,40,0.4878,0,3,0,1,27.7073,0.0425,141,1381.0487,1,0,1,144,73,33,42,"CHI",4.5,5538462
13,0,0,72,3,0,27,"CAN",1987,3,70,"Kris Russell","D","L",170,5,16,0.2222,0,0,0,1,25.8055,0.0476,63,1225.6388,1,0,1,185,71,21,93,"EDM",4.5,4e+06
3,0,0,39,1,0,16,"USA",1995,2,74,"Steven Santini","D","R",205,-6,4,0.1025,0,0,0,0,21.4615,0.0243,41,999.3846,1,0,0,43,9,9,80,"NJD",1.1,1416666
12,0,1,81,4,0,52,"CAN",1991,3,76,"Brayden McNabb","D","L",212,11,16,0.1975,0,0,0,1,23.7901,0.0476,84,1168.716,1,0,1,139,38,37,200,"VEG",3,2500000
18,0.3421,4,65,16,0,26,"CZE",1988,1,73,"Michael Frolik","R","L",190,24,34,0.523,0,0,2,2,17.5076,0.1212,132,801.6769,1,1,1,22,49,33,57,"CGY",4,4300000
16,0,1,80,5,0,6,"FIN",1994,7,73,"Markus Nutivaara","D","L",191,3,21,0.2625,0,0,0,0,23.075,0.0505,99,1060.7875,1,0,1,61,23,25,80,"CBJ",2.5,2700000
23,1,0,82,4,0,6,"CAN",1998,2,70,"Samuel Girard","D","L",162,8,27,0.3292,0,9,0,0,23.9756,0.0344,116,1193.5487,1,0,1,90,44,25,65,"COL",0.7425,728333
6,0.4947,0,64,5,0,0,"CAN",1994,3,72,"Chandler Stephenson","C","L",203,-13,11,0.1718,0,0,1,1,15.7031,0.1388,36,726.9843,1,1,1,33,11,18,38,"WSH",0.65,650000
8,0.5187,0,69,5,0,26,"CZE",1987,4,71,"Vladimir Sobotka","C","L",189,-20,13,0.1884,0,0,0,1,19.1304,0.0704,71,851.1449,1,1,1,30,14,12,87,"BUF",3.5,3500000
1,0.4829,1,55,3,0,2,"CAN",1993,NA,72,"Frederick Gaudreau","C","R",179,1,4,0.0727,0,0,0,0,13.309,0.0697,43,540.8545,0,1,0,18,9,13,25,"NSH",0.65,666666
15,0,1,82,5,0,63,"SWE",1995,2,74,"Robert Hagg","D","L",204,-3,20,0.2439,0,0,0,0,23.0853,0.0581,86,1016.7195,1,0,1,158,39,4,258,"PHI",1,1150000
6,0.4285,0,50,2,0,18,"CAN",1991,4,74,"Garrett Wilson","L","L",199,2,8,0.16,0,0,0,0,11.8,0.037,54,456.9,1,1,1,16,5,5,114,"PIT",0.65,650000
13,0.4906,3,73,20,0,36,"CAN",1991,4,71,"Casey Cizikas","C","L",195,22,33,0.452,0,0,2,3,20.2191,0.1801,111,841.4246,1,1,1,68,34,44,129,"NYI",3.5,3350000
8,0.5384,0,39,4,0,14,"CAN",1992,4,70,"Jean-Gabriel Pageau","C","R",184,-12,12,0.3076,0,0,0,0,23.8974,0.0481,83,1070.6923,1,1,0,38,22,21,63,"OTT",3.3,3100000
3,0.5202,2,70,6,0,33,"CAN",1984,7,74,"Kyle Brodziak","C","R",205,-14,9,0.1285,0,0,1,1,17,0.081,74,701.5142,1,1,0,46,17,33,92,"EDM",1.1,1150000
17,0,1,81,5,0,39,"CAN",1987,NA,74,"Jordie Benn","D","L",199,15,22,0.2716,0,0,0,0,24.037,0.0537,93,1091.6296,0,0,1,128,71,19,124,"MTL",1.1,1100000
13,0.4057,0,72,5,0,17,"LVA",1994,1,74,"Zemgus Girgensons","C","L",211,-11,18,0.25,0,0,0,0,18.1388,0.0641,78,816.6805,1,1,1,29,11,21,144,"BUF",1.6,1600000
4,0,0,51,1,0,56,"CAN",1995,4,78,"Ben Harpur","D","L",222,-13,5,0.098,0,0,0,0,23.0588,0.02,50,1057.2352,1,0,1,69,60,16,89,"OTT",0.65,725000
5,0.2857,1,56,5,0,23,"CAN",1979,NA,72,"Chris Kunitz","L","L",188,-7,10,0.1785,0,0,0,0,13.3392,0.1136,44,543.5357,0,1,1,15,18,13,85,"CHI",1,1e+06
6,0.375,1,51,5,0,19,"CAN",1988,4,74,"Dale Weise","R","R",206,-8,11,0.2156,0,0,1,1,17.745,0.0862,58,706.6078,1,1,0,21,10,9,88,"MTL",2.35,2350000
6,0,2,35,2,0,12,"CAN",1988,7,73,"Jason Demers","D","R",195,9,8,0.2285,0,1,0,0,25.9714,0.0512,39,1199.5428,1,0,0,43,18,14,50,"ARI",3.85,3937500
7,0.3125,1,74,9,0,10,"USA",1995,4,70,"Tyler Motte","C","L",192,-12,16,0.2162,0,0,2,2,19.2567,0.0789,114,766.4864,1,1,1,52,15,34,200,"VAN",0.925,925000
9,0,1,64,2,0,68,"CAN",1993,2,76,"Joel Edmundson","D","L",215,8,11,0.1718,0,0,0,0,26.4218,0.0196,102,1163.2187,1,0,1,106,41,9,128,"STL",3,3e+06
12,0.5012,0,65,1,0,18,"SWE",1991,NA,72,"Par Lindholm","C","L",183,5,13,0.2,0,0,0,0,17.4769,0.0153,65,680.8,0,1,1,55,12,30,58,"WPG",0.925,925000
6,0.5221,1,52,3,0,2,"CAN",1992,2,71,"Ryan Spooner","C","L",191,-12,9,0.173,0,1,0,0,15.75,0.0447,67,685.5961,1,1,1,7,18,10,39,"VAN",3.1,3100000
14,0,2,82,4,0,30,"SWE",1993,1,73,"Jonas Brodin","D","L",198,-15,18,0.2195,0,1,1,1,24.3536,0.036,111,1232.5975,1,0,1,135,20,29,61,"MIN",5.75,4166667
11,0,3,79,15,0,102,"CAN",1991,1,75,"Zack Kassian","R","R",211,-6,26,0.3291,0,0,1,1,19.7974,0.1351,111,888.1139,1,1,0,15,48,35,191,"EDM",2,1950000
3,1,0,48,2,0,22,"CAN",1991,3,73,"Nicolas Deslauriers","L","L",221,-12,5,0.1041,0,0,1,1,13.9166,0.0416,48,602.2708,1,1,1,22,9,11,135,"MTL",0.95,950000
12,0.4557,1,80,14,0,17,"RUS",1995,2,72,"Ivan Barbashev","C","L",187,-4,26,0.325,0,0,2,2,16.7,0.2333,60,690.85,1,1,1,31,14,36,86,"STL",0.8325,741667
37,0,4,75,9,3,28,"USA",1994,1,76,"Seth Jones","D","R",210,1,46,0.6133,0,10,0,3,29.52,0.0489,184,1549.36,1,0,0,133,69,59,106,"CBJ",5.4,5400000
8,0.4,1,67,6,0,53,"CAN",1989,5,75,"Matt Martin","L","L",220,5,14,0.2089,0,0,0,0,16,0.0967,62,686,1,1,1,42,19,13,275,"NYI",2.25,2500000
9,0,0,63,4,0,71,"CAN",1989,1,74,"Brendan Smith","D","L",195,-7,13,0.2063,0,0,0,1,20.492,0.0606,66,917.746,1,0,1,48,50,32,100,"NYR",4.525,4350000
15,0,0,47,2,0,8,"SWE",1986,7,71,"Anton Stralman","D","R",190,12,17,0.3617,0,1,0,0,23.6808,0.035,57,1231.3829,1,0,0,71,16,25,59,"TBL",4.5,4500000
10,0,0,70,1,0,26,"CAN",1992,1,73,"Mark Pysyk","D","R",200,-1,11,0.1571,0,0,0,1,25.6857,0.0156,64,1096.1428,1,0,0,89,72,35,133,"FLA",2.75,2733333
20,0.2631,4,82,11,0,32,"FIN",1995,2,72,"Artturi Lehkonen","L","L",177,10,31,0.378,0,0,0,0,21.7073,0.0625,176,933.4512,1,1,1,39,28,46,120,"MTL",0.925,839166
6,0.4744,0,49,3,0,8,"SWE",1993,2,74,"Victor Rask","C","L",200,-4,9,0.1836,0,2,0,0,17.1224,0.0545,55,726.2244,1,1,1,12,18,13,40,"MIN",4,4e+06
13,0.387,1,80,17,0,23,"SWE",1992,4,71,"Marcus Sorensen","L","L",175,10,30,0.375,0,0,1,2,18.475,0.17,100,777.7625,1,1,1,29,21,33,88,"SJS",0.7,7e+05
9,0,0,48,3,0,39,"CAN",1992,1,74,"Nathan Beaulieu","D","L",200,6,12,0.25,0,1,0,0,19.3541,0.05,60,930.375,1,0,1,42,22,9,60,"WPG",2.5,2400000
13,0,0,74,3,0,62,"USA",1991,6,75,"Josh Manson","D","R",216,-8,16,0.2162,0,0,0,1,28.3648,0.0312,96,1338.4189,1,0,0,90,77,36,184,"ANA",3.25,4100000
10,0,0,79,3,0,32,"CAN",1987,1,76,"Marc Staal","D","L",213,-9,13,0.1645,0,0,0,0,26.0886,0.0357,84,1165.2151,1,0,1,119,68,28,94,"NYR",6,5700000
9,0,1,34,2,0,19,"USA",1994,5,71,"Connor Carrick","D","R",192,-13,11,0.3235,0,1,0,0,21.1176,0.0476,42,1007.9117,1,0,0,37,17,15,25,"NJD",1.3,1300000
14,0.2222,2,58,5,0,30,"SWE",1988,6,71,"Carl Hagelin","L","L",186,7,19,0.3275,0,0,0,0,19.8793,0.0505,99,883.7586,1,1,1,20,19,30,64,"WSH",1.718438,1875000
22,0,0,72,3,0,10,"CAN",1987,2,73,"Marc-Edouard Vlasic","D","L",205,-6,25,0.3472,0,1,0,0,25.6527,0.03,100,1262.5555,1,0,1,114,51,24,23,"SJS",7.25,7e+06
19,0.4914,1,70,9,0,81,"CAN",1988,3,74,"Zack Smith","L","L",208,-6,28,0.4,0,0,1,3,21.6142,0.0891,101,981.1285,1,1,1,27,47,42,136,"OTT",3.25,3250000
6,0,0,57,0,0,47,"RUS",1990,1,73,"Dmitry Kulikov","D","L",204,4,6,0.1052,0,0,0,0,18.5964,0,40,939.807,1,0,1,71,37,19,88,"WPG",4.333333,4333333
20,0.5278,5,82,19,1,34,"CAN",1997,3,72,"Anthony Cirelli","C","L",180,25,39,0.4756,0,1,5,6,20.0487,0.1544,123,890.817,1,1,1,49,15,47,94,"TBL",0.7425,728333
15,0,1,78,5,0,62,"CAN",1991,4,75,"Ben Chiarot","D","L",219,6,20,0.2564,0,0,0,1,20.8846,0.045,111,1116.9743,1,0,1,139,65,20,171,"WPG",1.6,1400000
18,0.5195,1,79,14,0,12,"CAN",1994,1,76,"Mark Jankowski","C","L",212,6,32,0.405,0,0,5,8,18.4556,0.1414,99,762.4683,1,1,1,56,36,49,30,"CGY",1.6,1675000
8,0,0,32,0,0,12,"RUS",1990,NA,72,"Bogdan Kiselevich","D","L",202,-3,8,0.25,0,0,0,0,19.625,0,14,891.25,0,0,1,21,9,4,49,"WPG",0.925,925000
5,0,0,57,0,0,28,"CAN",1982,1,73,"Dan Hamhuis","D","L",204,-2,5,0.0877,0,0,0,0,21,0,39,962.8245,1,0,1,61,40,12,38,"NSH",1.5,1250000
9,0,0,47,0,0,18,"CAN",1986,6,73,"Andrew MacDonald","D","L",204,-5,9,0.1914,0,0,0,2,21.5744,0,41,983.6595,1,0,1,95,27,3,30,"PHI",5.5,5e+06
2,0,0,34,0,0,23,"USA",1990,6,74,"Luke Witkowski","R","R",210,-5,2,0.0588,0,0,0,0,13.147,0,14,575.8529,1,1,0,27,20,3,67,"DET",0.8,750000
13,0,0,64,4,0,22,"CAN",1996,2,72,"Travis Dermott","D","L",204,-5,17,0.2656,0,0,0,0,22.7031,0.0408,98,1038.4062,1,0,1,57,55,26,100,"TOR",0.8325,863333
14,0.25,2,83,12,0,74,"USA",1994,1,72,"Ryan Hartman","R","R",181,1,26,0.3132,0,0,0,0,17.7831,0.0827,145,787.0722,1,1,0,39,38,35,107,"PHI",0.875,875000
1,0,1,54,8,0,29,"CAN",1994,2,74,"William Carrier","L","L",212,-4,9,0.1666,0,0,0,0,12.9629,0.0941,85,596.6666,1,1,1,13,10,31,277,"VEG",0.725,725000
20,0.4767,4,71,21,0,65,"CAN",1992,5,73,"Zach Hyman","L","R",209,16,41,0.5774,0,0,1,1,23.9436,0.1458,144,1036.5352,1,1,0,39,28,30,102,"TOR",2,2250000
8,0,1,50,2,0,46,"CAN",1995,2,74,"Madison Bowey","D","R",198,-1,10,0.2,0,0,0,0,19.4,0.0416,48,915.5,1,0,0,63,34,9,72,"DET",1,1e+06
5,0.5104,1,41,6,0,8,"CAN",1992,3,72,"Greg McKegg","C","L",194,-2,11,0.2682,0,0,0,0,15.8536,0.2222,27,639.6829,1,1,1,18,10,14,30,"CAR",0.715,715000
50,0.5352,6,80,14,1,42,"CAN",1992,1,75,"Ryan Johansen","C","R",218,7,64,0.8,0,16,1,2,25,0.1029,136,1173.3125,1,1,0,23,66,43,95,"NSH",8,8e+06
17,0.3333,4,72,18,0,24,"USA",1992,3,71,"Bryan Rust","R","R",192,10,35,0.4861,0,0,2,4,22.3611,0.1276,141,954.2638,1,1,0,59,27,30,119,"PIT",3.5,3500000
20,0.5417,1,82,12,0,53,"CAN",1994,1,73,"Scott Laughton","C","L",190,-11,32,0.3902,0,0,0,2,20.3414,0.0923,130,891.0731,1,1,1,46,42,42,146,"PHI",1.05,962500
16,0,1,82,8,0,36,"CAN",1990,4,74,"David Savard","D","R",227,19,24,0.2926,0,0,0,0,25.4024,0.0645,124,1184.6219,1,0,0,123,38,17,122,"CBJ",4.75,4250000
18,0.3571,0,63,6,0,34,"USA",1992,5,72,"Kenny Agostino","L","L",199,-3,24,0.3809,0,5,0,0,17.0158,0.0759,79,775.0158,1,1,1,14,30,25,143,"NJD",0.7,7e+05
16,0.3428,3,56,15,1,17,"CAN",1989,6,69,"Paul Byron","L","L",163,16,31,0.5535,0,1,2,3,20.7142,0.1595,94,874,1,1,1,36,26,12,114,"MTL",1,1166667
17,0.5581,1,50,11,0,26,"CAN",1988,1,76,"Jordan Staal","C","L",220,6,28,0.56,0,2,0,0,25.58,0.0909,121,1097.08,1,1,1,18,24,40,122,"CAR",6,6e+06
17,1,1,78,8,1,44,"USA",1994,1,75,"Brady Skjei","D","L",214,-4,25,0.3205,0,0,0,1,27.4487,0.0634,126,1274.0512,1,0,1,119,69,32,178,"NYR",5.7,5250000
4,0.2857,1,32,2,0,6,"CAN",1996,1,70,"Robby Fabbri","C","L",190,-4,6,0.1875,0,0,0,0,16.2812,0.0465,43,759.2187,1,1,1,8,4,5,30,"STL",0.925,925000
10,0.4398,5,82,15,0,38,"CAN",1992,2,72,"Jordan Martinook","L","L",196,1,25,0.3048,0,0,1,1,21.1585,0.1027,146,869.1463,1,1,1,46,30,53,199,"CAR",1.85,1800000
12,0.4117,1,67,6,0,32,"AUT",1988,NA,72,"Michael Raffl","L","L",200,-1,18,0.2686,0,0,1,1,16.1641,0.0923,65,684.9253,0,1,1,29,20,28,96,"PHI",2.35,2350000
26,0,0,82,3,0,33,"RUS",1991,2,71,"Dmitry Orlov","D","L",212,3,29,0.3536,0,1,0,0,23.3414,0.0297,101,1298.1829,1,0,1,103,80,53,137,"WSH",6.5,5100000
41,0.5554,1,81,12,0,39,"CAN",1993,1,73,"Phillip Danault","C","L",198,17,53,0.6543,0,4,0,2,24.9012,0.0909,132,1066.6419,1,1,1,60,53,49,95,"MTL",3,3083333
7,0,0,54,4,0,14,"CAN",1988,NA,73,"Taylor Fedun","D","R",201,2,11,0.2037,0,2,0,1,20.3888,0.0465,86,831.4444,0,0,0,58,37,14,19,"DAL",0.65,650000
11,0.5761,3,78,12,0,33,"USA",1993,3,77,"Adam Lowry","C","L",210,6,23,0.2948,0,0,1,3,21.641,0.1142,105,878.2948,1,1,1,49,23,42,223,"WPG",3.5,2916666
15,0.3619,1,53,5,0,6,"USA",1993,6,71,"Travis Boyd","C","R",185,6,20,0.3773,0,2,0,0,13.1132,0.1428,35,589.6981,1,1,0,21,15,14,13,"WSH",0.8,8e+05
8,0.5065,0,73,6,0,37,"SWE",1992,2,71,"Johan Larsson","C","L",202,-8,14,0.1917,0,0,1,1,18.9041,0.0759,79,857.5616,1,1,1,44,22,29,112,"BUF",1.55,1475000
9,0,0,61,1,0,27,"SVK",1996,5,75,"Christian Jaros","D","R",201,-14,10,0.1639,0,2,0,0,21.2131,0.0153,65,862.0327,1,0,0,82,40,17,110,"OTT",0.73,755000
16,0.4285,2,67,6,2,23,"CAN",1995,1,74,"Jason Dickinson","C","L",200,9,22,0.3283,0,0,0,0,20.7761,0.0638,94,802.4029,1,1,1,50,26,30,106,"DAL",0.875,875000
11,0.2,0,67,0,0,8,"DEU",1993,4,71,"Tobias Rieder","R","L",186,-8,11,0.1641,0,2,0,0,18.2089,0,92,758.6417,1,1,1,44,12,35,69,"EDM",2,2e+06
6,0,0,62,2,0,18,"CHE",1988,3,71,"Yannick Weber","D","R",200,7,8,0.129,0,0,0,0,16.758,0.0298,67,714.7903,1,0,0,32,13,7,64,"NSH",0.65,675000
5,0.4761,3,77,10,0,20,"CAN",1996,3,74,"Warren Foegele","L","L",198,-17,15,0.1948,0,0,0,0,18.3376,0.0943,106,749.6233,1,1,1,19,31,36,126,"CAR",0.73,746667
19,0.2777,2,75,14,1,44,"SVK",1991,2,73,"Richard Panik","R","L",208,-3,33,0.44,0,2,1,1,23.0666,0.1,140,996.5066,1,1,1,52,39,46,137,"ARI",2.8,2800000
8,0.5714,0,53,5,0,10,"USA",1993,2,66,"Rocco Grimaldi","C","R",180,-2,13,0.2452,0,0,0,0,14.0943,0.0617,81,600.3773,1,1,0,20,15,27,32,"NSH",0.65,650000
8,0.4666,5,76,11,0,56,"USA",1991,NA,74,"Garnet Hathaway","R","R",210,14,19,0.25,0,0,2,2,15.2631,0.1428,77,631.5921,0,1,0,36,29,23,200,"CGY",0.85,850000
7,0.4166,1,41,9,1,8,"AUT",1987,1,73,"Michael Grabner","R","L",188,-2,16,0.3902,0,0,6,9,21.9024,0.1384,65,863.439,1,1,1,15,19,31,28,"ARI",2.5,3350000
10,0,0,59,4,0,35,"USA",1993,2,73,"Jake McCabe","D","L",206,-4,14,0.2372,0,0,1,1,23.1186,0.0625,64,1136.6949,1,0,1,99,32,20,103,"BUF",1.775,1600000
5,0.6666,1,44,8,0,12,"CAN",1996,6,70,"Andrew Mangiapane","L","L",184,11,13,0.2954,0,0,0,0,14.8409,0.123,65,632.6363,1,1,1,17,11,16,43,"CGY",0.73,705000
14,0,1,78,3,0,40,"CAN",1983,1,76,"Jay Bouwmeester","D","L",206,-3,17,0.2179,0,0,0,0,26.6282,0.0365,82,1243.8333,1,0,1,127,42,25,61,"STL",5.4,5400000
16,0.4262,0,82,10,0,20,"CAN",1994,2,72,"Brock McGinn","L","L",187,10,26,0.317,0,0,1,1,20.7317,0.0813,123,858.5731,1,1,1,38,30,54,137,"CAR",0.9,887500
26,0.5,0,75,6,0,28,"RUS",1998,1,75,"Mikhail Sergachev","D","L",215,12,32,0.4266,0,6,0,0,21.3733,0.0468,128,1075.4,1,0,1,93,50,18,97,"TBL",0.925,894166
14,0.4137,1,81,11,0,67,"CAN",1997,1,76,"Lawson Crouse","L","L",220,5,25,0.3086,0,0,2,2,19.7901,0.0839,131,776.8518,1,1,1,44,23,25,288,"ARI",0.8325,894167
16,0,0,65,3,0,52,"USA",1990,1,75,"Zach Bogosian","D","R",226,-5,19,0.2923,0,1,1,1,24.2153,0.0322,93,1297.6,1,0,0,116,46,17,83,"BUF",6,5142857
25,0.4875,4,72,10,0,14,"DNK",1984,3,73,"Frans Nielsen","C","L",188,-7,35,0.4861,0,8,0,1,22.7916,0.0833,120,1000.7638,1,1,1,44,35,18,79,"DET",6,5250000
7,0.4733,0,39,3,0,4,"CAN",1993,7,69,"Matthew Peca","C","L",182,-14,10,0.2564,0,0,0,1,15.2307,0.0857,35,631.4615,1,1,1,21,12,12,33,"MTL",1.3,1300000
12,0,1,69,7,0,33,"CAN",1990,2,74,"Travis Hamonic","D","R",205,21,19,0.2753,0,0,1,3,25.4782,0.0546,128,1251.942,1,0,0,167,62,37,44,"CGY",4.875,3857143
19,0,1,82,7,0,32,"RUS",1997,1,73,"Ivan Provorov","D","L",201,-16,26,0.317,0,2,0,0,28.8902,0.0482,145,1506.7195,1,0,1,149,92,16,123,"PHI",0.8325,894167
11,0.372,2,55,12,0,28,"CAN",1994,NA,70,"Drake Caggiula","C","L",176,-5,23,0.4181,0,0,1,1,18.9454,0.125,96,865.709,0,1,1,26,22,18,135,"CHI",1.5,1500000
5,0.384,3,70,7,1,13,"SWE",1992,3,73,"Joakim Nordstrom","C","L",194,0,12,0.1714,0,0,0,0,18.5714,0.0679,103,808.8142,1,1,1,52,19,26,86,"BOS",0.9,1e+06
18,1,0,81,5,0,21,"USA",1981,1,75,"Ron Hainsey","D","L",205,30,23,0.2839,0,0,1,1,26.9259,0.0617,81,1215.358,1,0,1,144,74,31,91,"TOR",2.4,3e+06
11,0.4529,0,55,9,0,28,"SWE",1991,2,73,"Oscar Lindberg","L","L",202,4,20,0.3636,0,1,0,0,16.2909,0.0989,91,748.4545,1,1,1,27,25,22,104,"OTT",1.8,1700000
14,0,2,60,4,0,8,"USA",1987,4,73,"Alec Martinez","D","L",209,-2,18,0.3,0,2,0,0,26.3,0.0512,78,1281.7833,1,0,1,135,70,12,78,"LAK",4.05,4e+06
7,0.2857,0,71,11,0,27,"USA",1997,2,74,"Christian Fischer","R","R",214,-13,18,0.2535,0,0,0,0,18.7605,0.0948,116,790.169,1,1,0,19,12,12,124,"ARI",0.815,821666
27,0,0,62,3,0,26,"USA",1990,1,74,"Jake Gardiner","D","L",203,19,30,0.4838,0,5,0,0,26.3709,0.0384,78,1272.8387,1,0,1,64,53,25,61,"TOR",4.05,4050000
9,0.3913,0,50,7,0,14,"CHE",1997,4,69,"Denis Malgin","C","R",177,-10,16,0.32,0,1,0,0,18.88,0.106,66,773.36,1,1,0,21,15,16,40,"FLA",0.715,690000
2,0.2413,0,54,3,0,27,"USA",1995,3,75,"John Hayden","R","R",215,-12,5,0.0925,0,0,0,0,13.1851,0.0714,42,549.6666,1,1,0,23,9,15,97,"CHI",0.7,750000
13,0.4927,0,62,7,0,12,"CAN",1989,NA,74,"Carter Rowney","C","R",206,0,20,0.3225,0,0,1,1,18.0161,0.132,53,753.0645,0,1,0,35,26,22,178,"ANA",1.4,1133333
8,0.5381,0,78,5,0,17,"USA",1984,6,73,"Nate Thompson","C","L",207,-1,13,0.1666,0,0,0,0,19.7692,0.0704,71,780.2051,1,1,1,44,23,31,87,"MTL",1.65,1650000
2,0.4444,0,32,3,0,16,"CAN",1994,5,70,"Charles Hudon","L","L",196,-9,5,0.1562,0,1,0,0,15.2812,0.06,50,700.375,1,1,1,9,14,9,73,"MTL",0.65,650000
14,0,0,41,2,0,22,"CAN",1988,5,70,"Alex Biega","D","R",199,0,16,0.3902,0,1,0,0,24.1707,0.0219,91,1060.2682,1,0,0,43,17,4,101,"VAN",0.95,825000
7,0.4043,1,56,5,0,18,"USA",1996,5,73,"Adam Gaudette","C","R",170,-8,12,0.2142,0,2,0,0,16.0178,0.0909,55,656.9464,1,1,0,15,7,10,48,"VAN",0.925,916666
6,0,0,80,1,0,41,"USA",1990,5,75,"Greg Pateryn","D","R",223,-11,7,0.0875,0,0,0,0,20.9375,0.01,100,1027.2375,1,0,0,118,17,14,144,"MIN",1.75,2250000
14,0.553,2,69,11,0,6,"USA",1994,4,73,"Andrew Copp","C","L",206,20,25,0.3623,0,0,1,1,17.6086,0.1341,82,729.6231,1,1,1,34,27,22,71,"WPG",1.1,1e+06
10,0.4444,0,61,7,0,20,"CAN",1987,5,72,"Darren Helm","L","L",196,-11,17,0.2786,0,0,1,4,20.7213,0.0654,107,874.459,1,1,1,26,30,33,50,"DET",3.75,3850000
10,0.3545,0,59,5,0,15,"CAN",1989,4,72,"Colton Sceviour","C","R",192,-2,15,0.2542,0,1,0,0,17.8813,0.0431,116,737.7118,1,1,0,58,24,18,89,"FLA",1.2,1200000
5,0,0,38,1,0,13,"USA",1992,NA,73,"Casey Nelson","D","R",185,1,6,0.1578,0,0,0,0,19.7894,0.027,37,924.5526,0,0,0,36,19,5,44,"BUF",0.8,812500
4,0.4934,1,41,6,0,15,"USA",1993,NA,74,"Kevin Rooney","C","L",190,-4,10,0.2439,0,0,1,1,18,0.1538,39,756.7804,0,1,1,22,9,15,77,"NJD",0.7,7e+05
4,0,0,40,0,0,33,"CAN",1989,1,72,"Thomas Hickey","D","L",183,5,4,0.1,0,0,0,1,25.275,0,47,1110.3,1,0,1,71,27,9,40,"NYI",2.5,2500000
8,0.4808,2,74,4,0,30,"SWE",1990,5,72,"Marcus Kruger","C","L",186,-2,12,0.1621,0,0,0,1,16.6351,0.054,74,624.9054,1,1,1,34,11,17,51,"CHI",2.07,2775000
15,0,0,79,4,0,68,"USA",1992,2,77,"Scott Mayfield","D","R",223,18,19,0.2405,0,0,1,1,23.8987,0.0384,104,1124.0632,1,0,0,159,72,10,118,"NYI",1.1,1450000
11,0.3421,0,64,8,0,20,"USA",1988,NA,68,"Brian Gibbons","L","L",175,-5,19,0.2968,0,0,0,0,16.2031,0.16,50,655.0781,0,1,1,29,23,26,40,"OTT",1,1e+06
14,0,0,78,2,0,35,"USA",1987,7,74,"Justin Braun","D","R",205,-14,16,0.2051,0,1,0,0,25.0897,0.019,105,1218.3974,1,0,0,120,51,34,121,"SJS",3.8,3800000
4,0,0,37,2,0,9,"SWE",1992,5,73,"Fredrik Claesson","D","L",196,3,6,0.1621,0,0,0,1,22.6216,0.0454,44,1034.8918,1,0,1,33,31,9,76,"NYR",0.7,7e+05
13,0.5,2,71,7,0,14,"USA",1976,2,73,"Matt Cullen","C","L",202,6,20,0.2816,0,0,2,4,18.4084,0.0804,87,690.5774,1,1,1,31,19,24,32,"PIT",0.65,650000
2,0.4942,0,47,4,0,10,"CZE",1993,6,72,"Lukas Sedlak","C","L",205,-5,6,0.1276,0,0,0,0,13.1914,0.093,43,539.9361,1,1,1,20,8,6,69,"CBJ",0.85,825000
4,0.5555,2,79,12,0,26,"SWE",1990,NA,72,"Melker Karlsson","C","R",180,-1,16,0.2025,0,0,0,0,17.7848,0.1518,79,689.9746,0,1,0,39,19,30,67,"SJS",2,2e+06
11,0,3,57,6,0,31,"CAN",1994,4,74,"Brett Kulak","D","L",187,12,17,0.2982,0,0,1,1,22.3684,0.0588,102,1070.5789,1,0,1,64,43,15,107,"MTL",0.9,9e+05
19,0,3,71,6,0,60,"CZE",1990,NA,72,"Michal Kempny","D","L",194,24,25,0.3521,0,0,0,0,21.9718,0.054,111,1151.2112,0,0,1,135,47,21,84,"WSH",3.3,2500000
4,0,0,41,0,0,13,"RUS",1994,NA,74,"Ilya Lyubushkin","D","R",201,-9,4,0.0975,0,0,0,0,18.7317,0,27,824.3658,0,0,0,61,22,6,150,"ARI",0.925,925000
15,0.4365,0,60,3,0,43,"CAN",1994,3,76,"Jujhar Khaira","L","L",212,-12,18,0.3,0,0,1,2,17.8833,0.0468,64,754.0166,1,1,1,33,26,22,123,"EDM",0.7,675000
13,0.5386,3,71,8,1,38,"USA",1993,5,74,"Sean Kuraly","C","L",213,6,21,0.2957,0,0,0,0,18.3661,0.0597,134,826.4507,1,1,1,35,32,34,129,"BOS",1.3,1275000
16,0,0,77,4,0,63,"CZE",1990,3,72,"Radko Gudas","D","R",204,6,20,0.2597,0,0,0,0,23.1688,0.0294,136,1072.5194,1,0,0,133,59,23,255,"PHI",3.4,3350000
6,0,0,43,3,0,30,"SWE",1996,5,72,"Gustav Forsling","D","L",186,-9,9,0.2093,0,0,0,0,23.1162,0.0526,57,1025,1,0,1,38,23,15,38,"CHI",0.925,872500
22,0.5,1,65,9,0,118,"FRA",1989,NA,71,"Antoine Roussel","L","L",199,5,31,0.4769,0,0,0,0,21.5692,0.1071,84,825.5384,0,1,1,50,20,20,87,"VAN",3.8,3e+06
4,0,1,50,3,0,42,"CAN",1986,2,76,"Adam McQuaid","D","R",210,2,7,0.14,0,0,0,1,22.94,0.1071,28,946.64,1,0,0,88,19,11,122,"CBJ",2,2750000
13,0,1,74,1,0,20,"CAN",1991,1,73,"Calvin de Haan","D","L",195,1,14,0.1891,0,0,0,0,22.8918,0.0098,102,1110.6756,1,0,1,106,55,59,187,"CAR",4,4550000
9,0.3725,1,75,12,0,47,"CAN",1985,7,75,"Troy Brouwer","R","R",213,-6,21,0.28,0,0,1,1,18.4533,0.1395,86,761.3333,1,1,0,38,44,23,177,"FLA",0.85,850000
10,0.5372,3,82,7,0,76,"CAN",1993,NA,74,"Barclay Goodrow","R","L",215,4,17,0.2073,0,0,1,1,17.2073,0.0833,84,660.5365,0,1,1,68,17,35,125,"SJS",0.65,650000
19,0,0,74,4,0,34,"CAN",1985,1,77,"Braydon Coburn","D","L",223,4,23,0.3108,0,0,0,0,20.3243,0.0353,113,966.6081,1,0,1,62,22,17,96,"TBL",3.7,3700000
11,1,2,64,4,0,64,"CAN",1994,7,72,"MacKenzie Weegar","D","R",200,-3,15,0.2343,0,1,0,0,22.9843,0.0506,79,1017.9843,1,0,0,103,59,34,127,"FLA",0.9,9e+05
20,0,0,82,5,0,16,"USA",1982,NA,71,"Andy Greene","D","L",190,-9,25,0.3048,0,2,0,4,24.7195,0.048,104,1250.0243,0,0,1,208,45,40,67,"NJD",5,5e+06
18,0,1,80,7,1,38,"USA",1988,1,76,"Erik Johnson","D","R",225,8,25,0.3125,0,0,0,0,26.9625,0.0486,144,1308.875,1,0,0,143,41,31,124,"COL",6,6e+06
17,0.4842,1,66,6,0,14,"CAN",1998,1,75,"Brett Howden","C","L",195,-16,23,0.3484,0,2,0,0,20.0303,0.081,74,896.3181,1,1,1,47,37,28,64,"NYR",0.925,863333
5,0.2777,0,56,3,0,29,"USA",1990,NA,70,"J.T. Brown","R","R",166,0,8,0.1428,0,0,0,0,12.3571,0.0535,56,550.1785,0,1,0,16,9,16,99,"MIN",0.675,687500
13,0,0,71,2,0,115,"USA",1989,1,73,"Ian Cole","D","L",219,-1,15,0.2112,0,0,0,0,23.6901,0.0243,82,1185.3661,1,0,1,178,46,27,107,"COL",5,4250000
9,0.4504,1,78,3,0,19,"CAN",1989,1,73,"Riley Nash","C","R",190,-8,12,0.1538,0,0,0,0,14.8333,0.0379,79,650.3846,1,1,0,43,13,39,72,"CBJ",2.75,2750000
4,0.4333,0,43,2,0,75,"CAN",1986,NA,71,"Micheal Haley","C","L",205,-2,6,0.1395,0,0,0,0,12.4651,0.0588,34,485.4651,0,1,1,16,15,3,76,"SJS",0.85,825000
7,0.5,0,47,3,0,9,"USA",1990,NA,74,"Tim Schaller","C","L",204,-2,10,0.2127,0,0,0,0,16.1914,0.0681,44,639.7659,0,1,1,18,8,14,66,"VAN",1.9,1900000
20,0.4565,1,82,6,0,42,"EST",1987,6,71,"Leo Komarov","R","L",209,18,26,0.317,0,0,0,0,18.5,0.0769,78,833.4878,1,1,1,38,26,28,203,"NYI",4,3e+06
13,0,0,71,0,0,6,"CAN",1998,4,69,"Victor Mete","D","L",183,17,13,0.183,0,0,0,0,23.2394,0,65,1066.3802,1,0,1,95,57,10,21,"MTL",0.7425,748333
12,0.4642,0,82,7,0,55,"USA",1991,4,75,"Marcus Foligno","L","L",228,-1,19,0.2317,0,1,0,1,16.2926,0.0769,91,718.2073,1,1,1,43,13,31,206,"MIN",3,2875000
10,0.5,0,57,0,0,0,"RUS",1995,1,76,"Valeri Nichushkin","R","L",210,-4,10,0.1754,0,0,0,0,18.0175,0,65,715.0175,1,1,1,32,30,24,71,"DAL",2.7,2950000
5,0.35,1,63,12,0,108,"USA",1996,2,73,"Brendan Lemieux","L","L",215,6,17,0.2698,0,0,0,0,12.619,0.1791,67,542.8571,1,1,1,31,14,13,129,"NYR",0.8325,839167
6,0.35,1,55,2,0,10,"CAN",1990,5,70,"Gabriel Bourque","L","L",206,3,8,0.1454,0,0,0,1,13.7636,0.0588,34,584.2545,1,1,1,48,8,11,100,"COL",0.95,950000
9,0.4444,1,43,8,0,26,"USA",1994,NA,72,"Zach Aston-Reese","C","L",204,12,17,0.3953,0,0,1,1,20.3953,0.1052,76,819.3953,0,1,1,37,11,17,138,"PIT",0.925,925000
8,0.5708,0,61,6,0,36,"USA",1986,2,74,"Brandon Dubinsky","C","L",205,-16,14,0.2295,0,0,0,1,19.3114,0.0952,63,741.3278,1,1,1,28,7,16,147,"CBJ",5.85,5850000
2,0,0,61,2,0,17,"SWE",1991,NA,72,"Oscar Fantenberg","D","L",206,3,4,0.0655,0,0,0,0,21.2295,0.0285,70,960,0,0,1,74,38,12,91,"CGY",0.65,650000
23,0.4896,1,81,13,1,37,"DNK",1989,1,74,"Lars Eller","C","L",207,-1,36,0.4444,0,3,1,3,19.4567,0.0797,163,992.0617,1,1,1,47,63,59,69,"WSH",5,3500000
10,0.562,0,57,3,0,18,"CAN",1985,NA,75,"Jay Beagle","C","R",210,-8,13,0.228,0,0,1,1,21.7368,0.0666,45,819.2807,0,1,0,33,10,13,102,"VAN",4.4,3e+06
10,0.3243,1,68,12,0,15,"CAN",1992,6,70,"Josh Archibald","R","R",176,1,22,0.3235,0,0,0,1,20.5441,0.1304,92,814.0735,1,1,0,39,8,18,161,"ARI",0.7,675000
10,0.5232,2,82,9,0,17,"CAN",1991,1,75,"Riley Sheahan","C","L",214,-9,19,0.2317,0,0,1,2,19.8414,0.0818,110,807.6951,1,1,1,44,23,49,72,"FLA",2.1,2100000
6,0,0,37,2,0,6,"RUS",1993,2,74,"Dmitrij Jaskin","R","L",216,-5,8,0.2162,0,0,0,0,12.4864,0.0416,48,605.054,1,1,1,14,6,13,87,"WSH",1.1,1100000
21,0,0,78,2,0,32,"CAN",1994,NA,70,"Troy Stecher","D","R",186,9,23,0.2948,0,2,1,1,24.5512,0.019,105,1195.0128,0,0,0,96,32,42,91,"VAN",2.325,2325000
10,0.2727,1,64,7,0,14,"CHE",1993,3,70,"Sven Andrighetto","R","L",188,10,17,0.2656,0,0,0,0,14.5312,0.0736,95,664.1093,1,1,1,32,18,22,29,"COL",1.55,1400000
8,0,1,52,5,0,40,"USA",1993,1,76,"Connor Murphy","D","R",212,12,13,0.25,0,0,0,0,26,0.0595,84,1169.3269,1,0,0,91,48,14,119,"CHI",4.5,3850000
5,0,1,71,2,0,64,"USA",1993,5,74,"Nick Seeler","D","L",198,-4,7,0.0985,0,0,0,0,16.4647,0.0298,67,739.9718,1,0,1,116,18,5,78,"MIN",0.675,725000
8,0,1,41,1,0,8,"CZE",1992,NA,71,"Radim Simek","D","L",200,7,9,0.2195,0,0,0,0,20.7317,0.0243,41,912.9756,0,0,1,34,21,14,67,"SJS",0.65,675000
15,0.4532,0,63,4,0,14,"CZE",1995,NA,74,"David Kampf","C","L",188,-6,19,0.3015,0,0,0,0,20.0158,0.0555,72,835.2222,0,1,1,30,6,31,39,"CHI",0.925,925000
21,0.3921,0,82,8,0,16,"CAN",1994,6,72,"Connor Brown","R","R",183,11,29,0.3536,0,1,0,3,19.9024,0.0941,85,827.5243,1,1,0,37,17,31,35,"TOR",2.1,2100000
7,0,0,39,0,0,35,"USA",1987,NA,74,"Kevan Miller","D","R",210,8,7,0.1794,0,0,0,0,23.5641,0,32,1064.7179,0,0,0,79,20,18,73,"BOS",2.5,2500000
12,0,1,81,2,0,52,"USA",1992,1,76,"Derek Forbort","D","L",219,-13,14,0.1728,0,0,0,0,25.6172,0.0266,75,1244.5185,1,0,1,139,78,15,105,"LAK",2.25,2525000
3,0,0,36,0,0,4,"USA",1992,5,76,"Kevin Gravel","D","L",211,-2,3,0.0833,0,0,0,0,20.8888,0,44,882.5555,1,0,1,53,18,7,31,"EDM",0.7,7e+05
6,0,0,44,1,0,38,"CAN",1987,NA,73,"Matt Irwin","D","L",207,5,7,0.159,0,0,0,0,15.5681,0.02,50,677.7272,0,0,1,37,13,8,80,"NSH",0.65,675000
8,0.4375,1,80,11,0,6,"SWE",1991,1,75,"Magnus Paajarvi","L","L",206,-14,19,0.2375,0,0,1,2,18.95,0.0924,119,808.125,1,1,1,67,16,18,65,"OTT",0.9,9e+05
3,0,1,44,4,0,2,"FIN",1993,NA,73,"Markus Hannikainen","L","L",200,-5,7,0.159,0,0,0,0,13.6136,0.0769,52,568.6818,0,1,1,8,1,15,63,"CBJ",0.7,675000
5,0,0,36,4,0,10,"DEU",1992,4,74,"Tom Kuhnhackl","R","L",196,1,9,0.25,0,0,0,1,17.4722,0.1333,30,760.9166,1,1,1,41,16,8,48,"NYI",0.7,7e+05
0,0,0,38,1,0,67,"CAN",1984,NA,74,"Cody McLeod","L","L",204,-13,1,0.0263,0,0,0,0,9.5526,0.0454,22,389.1052,0,1,1,10,1,5,112,"NSH",0.75,750000
18,0,0,80,2,0,21,"USA",1990,5,72,"Nick Jensen","D","R",194,4,20,0.25,0,0,0,1,25.05,0.0212,94,1191.125,1,0,0,105,61,27,82,"WSH",0.825,812500
12,0.4687,3,54,6,0,8,"USA",1992,NA,69,"Austin Czarnik","C","R",170,-1,18,0.3333,0,3,0,0,15.5185,0.0923,65,679.9629,0,1,0,24,15,24,10,"CGY",1.25,1250000
16,0,0,78,5,0,24,"CAN",1994,3,75,"Adam Pelech","D","L",218,22,21,0.2692,0,0,0,0,24.3333,0.0454,110,1117.7692,1,0,1,116,41,37,149,"NYI",1.1,1600000
6,0,0,37,2,0,16,"CZE",1990,NA,75,"Jan Rutta","D","R",200,4,8,0.2162,0,0,0,0,21.2702,0.0476,42,935.5405,0,0,0,30,12,1,24,"TBL",2.25,2250000
17,0,0,79,2,0,23,"SWE",1996,2,73,"Rasmus Andersson","D","R",214,17,19,0.2405,0,2,0,0,20.7468,0.0173,115,962.367,1,0,0,83,45,24,52,"CGY",0.75,755833
9,0.3333,0,62,12,0,16,"CAN",1997,4,73,"Austin Wagner","L","L",185,2,21,0.3387,0,0,0,0,13.3387,0.1791,67,535.7419,1,1,1,9,18,8,142,"LAK",0.7425,759167
14,0.4907,4,72,17,1,16,"FIN",1984,3,72,"Valtteri Filppula","C","L",196,19,31,0.4305,0,0,1,1,19.2916,0.2179,78,856.4861,1,1,1,34,27,36,12,"NYI",2.75,2750000
6,0,1,44,2,0,12,"CAN",1983,2,71,"Trevor Daley","D","L",195,-3,8,0.1818,0,0,1,1,26.2954,0.0425,47,1113.5681,1,0,1,53,43,10,14,"DET",3.3,3166666
4,0.2857,0,34,4,0,20,"FIN",1994,5,76,"Saku Maenalanen","R","L",207,0,8,0.2352,0,0,0,0,14.8823,0.1111,36,565.8529,1,1,1,10,8,12,45,"CAR",0.925,925000
39,0.5091,1,81,9,0,26,"CAN",1994,2,73,"Chris Tierney","C","L",195,-22,48,0.5925,0,10,0,0,21.4444,0.0775,116,1021.8395,1,1,1,54,61,53,30,"OTT",2.9,2937500
4,0.4421,0,42,2,0,29,"SWE",1998,1,73,"Lias Andersson","C","L",190,-13,6,0.1428,0,0,1,1,15.7857,0.0487,41,643.0238,1,1,1,8,12,14,60,"NYR",0.925,894166
5,0,1,38,3,0,10,"SWE",1997,2,72,"Oliver Kylington","D","L",183,3,8,0.2105,0,0,0,0,16.6578,0.1428,21,745.3157,1,0,1,41,32,13,11,"CGY",0.7,730833
7,0.4574,2,58,7,0,20,"SWE",1997,1,73,"Joel Eriksson Ek","C","L",208,-7,14,0.2413,0,0,0,0,18.5517,0.063,111,810.4655,1,1,1,24,9,18,117,"MIN",0.8325,894167
4,0,0,53,1,0,89,"CAN",1989,5,73,"Mark Borowiecki","D","L",207,-12,5,0.0943,0,0,0,0,22.9056,0.0169,59,934.2075,1,0,1,93,26,14,212,"OTT",1.2,1200000
20,0,0,76,3,0,20,"USA",1991,2,76,"Brian Dumoulin","D","L",207,31,23,0.3026,0,0,0,4,27.7631,0.0303,99,1261.5131,1,0,1,129,51,39,141,"PIT",4.1,4100000
10,0,0,53,1,0,17,"CHE",1995,1,75,"Mirco Mueller","D","L",210,-3,11,0.2075,0,0,0,0,24,0.0256,39,1084.3207,1,0,1,61,35,22,75,"NJD",0.925,850000
21,0,0,82,1,0,61,"CAN",1990,NA,76,"Brenden Dillon","D","L",225,19,22,0.2682,0,0,1,1,21.8536,0.014,71,1064.5853,0,0,1,78,38,16,202,"SJS",3.9,3270000
6,0,0,38,0,0,6,"SWE",1995,2,76,"Carl Dahlstrom","D","L",231,9,6,0.1578,0,0,0,1,25.3421,0,42,1116.2631,1,0,1,35,29,9,33,"CHI",0.8175,750833
13,0.5566,1,78,10,0,15,"USA",1989,NA,71,"Luke Glendening","C","R",192,2,23,0.2948,0,0,1,3,23.3076,0.098,102,947.3205,0,1,0,102,25,23,198,"DET",2,1800000
10,0,1,74,2,0,18,"CAN",1982,6,74,"Deryk Engelland","D","R",214,-3,12,0.1621,0,0,0,0,23.5135,0.019,105,1192.6621,1,0,0,152,24,26,165,"VEG",1.5,1500000
12,0.35,1,66,8,0,26,"SWE",1991,6,73,"Jesper Fast","R","R",192,-3,20,0.303,0,0,0,0,21.5151,0.1,80,943.2272,1,1,0,47,24,25,120,"NYR",1.85,1850000
7,0.45,1,76,12,0,51,"USA",1991,5,72,"Chris Wagner","R","R",198,3,19,0.25,0,0,0,0,18.0657,0.0888,135,807.1578,1,1,0,38,21,21,247,"BOS",1.25,1250000
13,0.2941,1,70,13,0,26,"CAN",1997,4,73,"Mathieu Joseph","R","L",190,5,26,0.3714,0,0,0,2,16.3714,0.1368,95,681.5142,1,1,1,14,24,28,129,"TBL",0.7425,728333
9,0,0,45,1,0,4,"SWE",1994,7,72,"Christian Djoos","D","L",169,9,10,0.2222,0,0,0,0,17.3777,0.0303,33,814.2888,1,0,1,28,22,10,18,"WSH",0.65,650000
8,0,1,76,2,0,87,"CAN",1992,1,77,"Erik Gudbranson","D","R",217,-20,10,0.1315,0,0,0,1,24.6052,0.0212,94,1093.8421,1,0,0,84,31,10,184,"PIT",4.5,4e+06
17,0.1428,3,82,20,1,62,"RUS",2000,1,74,"Andrei Svechnikov","R","L",195,0,37,0.4512,0,5,0,0,20.5487,0.1058,189,878.8048,1,1,1,26,63,34,123,"CAR",0.925,925000
4,0,0,53,3,0,14,"RUS",1992,NA,74,"Igor Ozhiganov","D","R",210,0,7,0.132,0,0,0,0,19.1698,0.0697,43,840.9056,0,0,0,48,34,11,57,"TOR",0.925,925000
7,0,0,44,0,0,15,"USA",1993,7,71,"Joakim Ryan","D","L",185,-1,7,0.159,0,0,0,0,16.1363,0,35,766.4545,1,0,1,39,9,11,43,"SJS",0.65,650000
5,0,0,67,1,0,53,"CAN",1985,1,76,"Dion Phaneuf","D","L",222,-21,6,0.0895,0,0,0,0,21.194,0.0125,80,899.9402,1,0,1,79,30,6,128,"LAK",4.875,5250000
7,0,0,70,7,0,75,"RUS",1995,1,77,"Nikita Zadorov","D","L",230,19,14,0.2,0,0,0,0,21.2428,0.07,100,1032.2285,1,0,1,67,32,21,228,"COL",2.2,2150000
17,0,0,82,3,0,44,"SWE",1992,1,75,"Adam Larsson","D","R",208,-28,20,0.2439,0,0,0,1,27.3536,0.0256,117,1297.3902,1,0,0,128,68,25,256,"EDM",4.85,4166666
22,1,2,73,7,0,24,"USA",1994,3,75,"Brett Pesce","D","R",206,35,29,0.3972,0,0,0,2,25.0136,0.0714,98,1229.4657,1,0,0,131,30,54,53,"CAR",4.025,4025000
9,0.6212,1,68,8,0,18,"CZE",1992,NA,75,"Tomas Nosek","L","L",210,-10,17,0.25,0,0,1,1,15.5147,0.0689,116,748.25,0,1,1,23,14,32,75,"VEG",0.9625,962500
22,0,3,80,9,0,63,"USA",1990,1,80,"Tyler Myers","D","R",229,11,31,0.3875,0,7,1,2,22.575,0.0576,156,1220.8125,1,0,0,99,63,32,97,"WPG",3,5500000
4,0,0,31,2,0,14,"CAN",1994,1,74,"Slater Koekkoek","D","L",193,4,6,0.1935,0,0,0,0,21.129,0.0555,36,949.9032,1,0,1,48,7,4,54,"CHI",0.865,865000
8,0,0,77,1,0,69,"CZE",1986,6,74,"Roman Polak","D","R",240,6,9,0.1168,0,0,0,0,24.3896,0.0129,77,1150.0909,1,0,0,152,49,18,191,"DAL",1.3,1300000
11,0,0,81,3,0,18,"RUS",1991,NA,74,"Nikita Zaitsev","D","R",193,2,14,0.1728,0,0,0,0,26.4814,0.0422,71,1228.4197,0,0,0,151,79,18,139,"TOR",4.5,4500000
9,0.4596,1,44,3,0,9,"USA",1987,1,73,"Trevor Lewis","C","R",202,-9,12,0.2727,0,0,0,0,19.5909,0.0344,87,841.3636,1,1,0,25,12,12,53,"LAK",2,2e+06
9,0.5472,0,76,6,0,6,"FRA",1985,NA,72,"Pierre-Edouard Bellemare","C","L",198,2,15,0.1973,0,0,2,2,15.7368,0.0555,108,745.7894,0,1,1,51,23,38,71,"VEG",1.45,1450000
19,0.3846,0,81,6,0,24,"SWE",1992,3,73,"Mattias Janmark","C","L",195,-4,25,0.3086,0,1,0,1,21.9012,0.0571,105,912.9876,1,1,1,44,36,30,28,"DAL",2.3,2300000
4,0.2857,0,37,3,0,8,"FIN",1993,2,71,"Miikka Salomaki","R","L",203,5,7,0.1891,0,0,0,0,14.5945,0.0588,51,627.3513,1,1,1,20,5,6,72,"NSH",0.75,750000
13,0.5261,0,68,5,0,8,"USA",1991,NA,72,"Ryan Carpenter","C","R",200,-6,18,0.2647,0,0,1,2,15.8676,0.049,102,756.9411,0,1,0,17,17,30,126,"VEG",0.65,650000
11,0.5369,0,70,3,0,12,"CAN",1995,1,77,"Frederik Gauthier","C","L",235,3,14,0.2,0,0,0,0,12.3857,0.0652,46,501.9142,1,1,1,28,12,12,98,"TOR",0.65,675000
8,0,0,57,4,0,45,"CAN",1992,1,79,"Jamie Oleksiak","D","L",255,5,12,0.2105,0,0,0,0,20.614,0.0727,55,883.8947,1,0,1,59,38,10,135,"DAL",1.95,2137500
5,0.5012,1,53,3,0,16,"CAN",1994,NA,73,"Colby Cave","C","L",200,-5,8,0.1509,0,0,0,0,17.1509,0.0517,58,738.7735,0,1,1,18,12,22,73,"EDM",0.65,675000
4,0.3902,0,54,4,0,15,"CAN",1992,2,72,"Devante Smith-Pelly","R","R",223,-6,8,0.1481,0,0,0,0,14.4074,0.0666,60,651.2407,1,1,0,36,9,7,78,"WSH",1,1e+06
7,0,0,71,2,0,37,"USA",1984,NA,73,"Ben Lovejoy","D","R",205,-1,9,0.1267,0,0,0,0,22.6478,0.021,95,1025.183,0,0,0,118,38,23,76,"DAL",2.75,2666667
4,0.526,1,80,13,0,80,"CAN",1993,4,73,"Cedric Paquette","C","L",198,7,17,0.2125,0,0,2,2,17.5,0.1494,87,720.2,1,1,1,61,12,21,269,"TBL",1,1e+06
17,0.4195,2,74,14,0,22,"SWE",1994,3,75,"Oskar Sundqvist","C","R",209,-1,31,0.4189,0,1,1,2,18.7027,0.1238,113,829.1216,1,1,0,31,10,41,101,"STL",0.7,7e+05
8,0.4962,2,72,6,0,47,"USA",1991,NA,70,"Noel Acciari","C","R",205,-3,14,0.1944,0,0,0,0,17.1944,0.0606,99,779.1527,0,1,0,36,13,35,221,"BOS",0.75,725000
9,0,0,42,1,0,8,"CAN",1990,1,72,"Michael Del Zotto","D","L",201,-2,10,0.238,0,0,0,0,22.0238,0.0222,45,1021.7142,1,0,1,53,22,7,129,"STL",2.25,2250000
5,0.4107,0,41,3,0,28,"USA",1993,1,73,"Stefan Noesen","R","R",205,-19,8,0.1951,0,0,0,0,16.439,0.0468,64,763.9268,1,1,0,21,9,17,95,"NJD",1.725,1725000
